transaction_id,card_id,vehicle_id,timestamp,location,merchant_type,amount,status,date
T0,C135,V235,2026-04-14 05:31:32.038424,Chennai,fuel,200.0,failed,2026-04-14
T1,C104,V204,2026-04-17 17:44:32.048431,Chennai,toll,15000.0,failed,2026-04-17
T2,C128,V228,2026-04-17 01:11:32.048444,Mumbai,fuel,100.0,failed,2026-04-17
T3,C137,V237,2026-04-13 01:45:32.048450,Mumbai,fuel,100.0,success,2026-04-13
T4,C103,V203,2026-04-15 18:22:32.048455,Bangalore,fuel,100.0,failed,2026-04-15
T5,C123,V223,2026-04-17 05:49:32.048460,Mumbai,toll,100.0,success,2026-04-17
T6,C138,V238,2026-04-13 22:38:32.048464,Chennai,toll,200.0,failed,2026-04-13
T7,C149,V249,2026-04-15 00:31:32.048469,Bangalore,fuel,100.0,failed,2026-04-15
T8,C147,V247,2026-04-18 07:41:32.048472,Mumbai,toll,2500.0,success,2026-04-18
T10,C139,V239,2026-04-13 16:16:32.048481,Mumbai,fuel,500.0,failed,2026-04-13
T11,C125,V225,2026-04-15 06:38:32.048485,Chennai,toll,200.0,success,2026-04-15
T12,C137,V237,2026-04-17 11:14:32.048489,Bangalore,fuel,200.0,failed,2026-04-17
T15,C119,V219,2026-04-15 03:21:32.048500,Bangalore,fuel,500.0,failed,2026-04-15
T16,C100,V200,2026-04-14 12:43:32.048504,Chennai,toll,5000.0,failed,2026-04-14
T17,C125,V225,2026-04-16 23:33:32.048507,Mumbai,fuel,500.0,success,2026-04-16
T18,C102,V202,2026-04-14 03:00:32.048511,Mumbai,toll,200.0,failed,2026-04-14
T19,C130,V230,2026-04-17 01:57:32.048514,Chennai,fuel,500.0,success,2026-04-17
T20,C123,V223,2026-04-18 09:08:32.048517,Mumbai,toll,500.0,failed,2026-04-18
T21,C117,V217,2026-04-14 13:26:32.048521,Mumbai,fuel,500.0,success,2026-04-14
T22,C148,V248,2026-04-13 10:29:32.048524,Bangalore,fuel,100.0,success,2026-04-13
T23,C109,V209,2026-04-17 08:05:32.048528,Bangalore,toll,500.0,success,2026-04-17
T24,C145,V245,2026-04-15 03:12:32.048532,Bangalore,toll,100.0,failed,2026-04-15
T25,C131,V231,2026-04-13 09:51:32.048536,Mumbai,toll,100.0,failed,2026-04-13
T26,C149,V249,2026-04-18 04:32:32.048539,Bangalore,fuel,200.0,failed,2026-04-18
T27,C137,V237,2026-04-16 08:45:32.048543,Chennai,toll,200.0,failed,2026-04-16
T28,C120,V220,2026-04-16 01:28:32.048546,Mumbai,fuel,500.0,failed,2026-04-16
T29,C141,V241,2026-04-15 11:30:32.048550,Mumbai,fuel,2500.0,success,2026-04-15
T30,C129,V229,2026-04-14 12:52:32.048553,Mumbai,fuel,100.0,success,2026-04-14
T31,C136,V236,2026-04-13 23:28:32.048557,Chennai,toll,2500.0,failed,2026-04-13
T32,C127,V227,2026-04-15 17:53:32.048561,Mumbai,fuel,100.0,success,2026-04-15
T33,C121,V221,2026-04-14 01:13:32.048565,Mumbai,toll,100.0,failed,2026-04-14
T34,C122,V222,2026-04-13 23:39:32.048568,Bangalore,toll,200.0,failed,2026-04-13
T35,C127,V227,2026-04-14 05:39:32.048571,Chennai,toll,15000.0,success,2026-04-14
T36,C144,V244,2026-04-16 18:11:32.048575,Chennai,fuel,200.0,failed,2026-04-16
T37,C127,V227,2026-04-16 11:17:32.048579,Chennai,toll,200.0,failed,2026-04-16
T38,C130,V230,2026-04-16 05:21:32.048582,Chennai,fuel,100.0,success,2026-04-16
T39,C121,V221,2026-04-13 16:50:32.048585,Bangalore,toll,2500.0,success,2026-04-13
T40,C117,V217,2026-04-15 13:27:32.048589,Chennai,fuel,2500.0,success,2026-04-15
T41,C144,V244,2026-04-17 23:23:32.048592,Bangalore,toll,200.0,success,2026-04-17
T42,C101,V201,2026-04-13 09:20:32.048596,Mumbai,toll,200.0,success,2026-04-13
T43,C103,V203,2026-04-12 22:07:32.048599,Bangalore,fuel,100.0,success,2026-04-12
T44,C125,V225,2026-04-15 17:45:32.048603,Bangalore,toll,500.0,success,2026-04-15
T45,C134,V234,2026-04-15 13:05:32.048606,Chennai,toll,100.0,failed,2026-04-15
T47,C123,V223,2026-04-13 01:12:32.048613,Bangalore,toll,200.0,failed,2026-04-13
T48,C138,V238,2026-04-17 06:34:32.048616,Chennai,toll,100.0,failed,2026-04-17
T49,C133,V233,2026-04-14 13:01:32.048620,Bangalore,toll,100.0,failed,2026-04-14
T50,C142,V242,2026-04-17 13:59:32.048624,Mumbai,fuel,200.0,success,2026-04-17
T51,C131,V231,2026-04-16 00:59:32.048627,Bangalore,toll,200.0,success,2026-04-16
T52,C111,V211,2026-04-15 22:45:32.048630,Mumbai,fuel,200.0,failed,2026-04-15
T53,C149,V249,2026-04-15 02:29:32.048634,Mumbai,fuel,500.0,failed,2026-04-15
T54,C131,V231,2026-04-13 10:13:32.048638,Bangalore,fuel,500.0,success,2026-04-13
T55,C131,V231,2026-04-17 14:45:32.048641,Chennai,fuel,2500.0,success,2026-04-17
T56,C117,V217,2026-04-18 01:19:32.048645,Chennai,toll,5000.0,success,2026-04-18
T57,C117,V217,2026-04-13 09:55:32.048649,Mumbai,toll,5000.0,success,2026-04-13
T58,C143,V243,2026-04-12 21:13:32.048652,Mumbai,fuel,100.0,failed,2026-04-12
T59,C144,V244,2026-04-16 19:54:32.048656,Chennai,fuel,100.0,success,2026-04-16
T60,C131,V231,2026-04-14 03:32:32.048660,Mumbai,toll,100.0,failed,2026-04-14
T61,C124,V224,2026-04-18 01:38:32.048663,Mumbai,fuel,15000.0,success,2026-04-18
T62,C131,V231,2026-04-17 15:22:32.048667,Chennai,fuel,2500.0,success,2026-04-17
T63,C149,V249,2026-04-13 08:14:32.048670,Bangalore,fuel,5000.0,failed,2026-04-13
T64,C129,V229,2026-04-15 17:47:32.048679,Mumbai,toll,15000.0,success,2026-04-15
T66,C145,V245,2026-04-16 20:14:32.048688,Chennai,fuel,2500.0,failed,2026-04-16
T67,C145,V245,2026-04-17 20:20:32.048691,Bangalore,fuel,200.0,success,2026-04-17
T68,C136,V236,2026-04-18 09:15:32.048696,Bangalore,toll,100.0,failed,2026-04-18
T69,C130,V230,2026-04-16 00:48:32.048699,Chennai,fuel,200.0,success,2026-04-16
T70,C127,V227,2026-04-14 13:53:32.048703,Bangalore,fuel,100.0,success,2026-04-14
T71,C126,V226,2026-04-12 19:28:32.048706,Chennai,fuel,200.0,failed,2026-04-12
T72,C110,V210,2026-04-14 13:07:32.048710,Chennai,fuel,500.0,failed,2026-04-14
T73,C147,V247,2026-04-16 07:04:32.048713,Chennai,fuel,15000.0,failed,2026-04-16
T74,C146,V246,2026-04-14 04:16:32.048717,Mumbai,toll,100.0,success,2026-04-14
T75,C128,V228,2026-04-19 12:45:32.048720,Chennai,fuel,200.0,failed,2026-04-19
T76,C140,V240,2026-04-16 19:36:32.048724,Mumbai,fuel,200.0,failed,2026-04-16
T77,C143,V243,2026-04-15 04:05:32.048730,Chennai,toll,100.0,success,2026-04-15
T78,C101,V201,2026-04-14 07:34:32.048733,Bangalore,toll,500.0,failed,2026-04-14
T79,C116,V216,2026-04-16 03:42:32.048736,Bangalore,toll,2500.0,failed,2026-04-16
T80,C116,V216,2026-04-13 14:44:32.048740,Bangalore,fuel,200.0,failed,2026-04-13
T81,C122,V222,2026-04-17 10:28:32.048743,Bangalore,fuel,5000.0,success,2026-04-17
T82,C140,V240,2026-04-15 09:24:32.048747,Chennai,toll,200.0,failed,2026-04-15
T83,C107,V207,2026-04-18 23:29:32.048750,Mumbai,fuel,200.0,failed,2026-04-18
T84,C105,V205,2026-04-13 09:26:32.048753,Mumbai,toll,100.0,success,2026-04-13
T85,C133,V233,2026-04-17 05:34:32.048757,Mumbai,fuel,100.0,success,2026-04-17
T86,C121,V221,2026-04-16 06:57:32.048760,Bangalore,toll,100.0,success,2026-04-16
T87,C117,V217,2026-04-16 00:22:32.048764,Bangalore,toll,100.0,success,2026-04-16
T88,C147,V247,2026-04-13 04:11:32.048767,Mumbai,fuel,5000.0,failed,2026-04-13
T89,C134,V234,2026-04-19 01:18:32.048771,Mumbai,fuel,500.0,failed,2026-04-19
T90,C141,V241,2026-04-15 13:11:32.048774,Bangalore,toll,5000.0,success,2026-04-15
T91,C116,V216,2026-04-13 05:36:32.048778,Bangalore,fuel,500.0,failed,2026-04-13
T92,C105,V205,2026-04-16 00:54:32.048781,Bangalore,toll,2500.0,success,2026-04-16
T93,C128,V228,2026-04-16 14:23:32.048785,Bangalore,toll,500.0,failed,2026-04-16
T94,C146,V246,2026-04-17 08:32:32.048788,Chennai,toll,2500.0,failed,2026-04-17
T95,C101,V201,2026-04-16 03:45:32.048793,Mumbai,toll,100.0,success,2026-04-16
T96,C116,V216,2026-04-17 14:14:32.048796,Mumbai,toll,2500.0,failed,2026-04-17
T97,C136,V236,2026-04-16 04:59:32.048800,Mumbai,fuel,100.0,success,2026-04-16
T99,C142,V242,2026-04-17 08:44:32.048806,Mumbai,fuel,500.0,success,2026-04-17
T100,C138,V238,2026-04-15 18:35:32.048810,Bangalore,fuel,2500.0,success,2026-04-15
T101,C137,V237,2026-04-18 04:02:32.048814,Mumbai,toll,200.0,failed,2026-04-18
T102,C100,V200,2026-04-17 03:10:32.048818,Bangalore,toll,5000.0,success,2026-04-17
T103,C120,V220,2026-04-17 22:46:32.048821,Mumbai,toll,2500.0,failed,2026-04-17
T104,C108,V208,2026-04-17 22:27:32.048824,Bangalore,toll,500.0,failed,2026-04-17
T105,C118,V218,2026-04-15 17:09:32.048828,Chennai,fuel,100.0,success,2026-04-15
T106,C107,V207,2026-04-13 11:55:32.048831,Chennai,fuel,200.0,success,2026-04-13
T107,C105,V205,2026-04-13 05:51:32.048835,Chennai,toll,100.0,failed,2026-04-13
T108,C148,V248,2026-04-17 10:27:32.048838,Chennai,toll,100.0,failed,2026-04-17
T109,C108,V208,2026-04-17 23:02:32.048842,Mumbai,toll,2500.0,failed,2026-04-17
T110,C145,V245,2026-04-18 01:34:32.048847,Bangalore,fuel,200.0,success,2026-04-18
T111,C126,V226,2026-04-15 01:32:32.048850,Bangalore,toll,2500.0,failed,2026-04-15
T113,C118,V218,2026-04-16 17:09:32.048857,Mumbai,fuel,100.0,failed,2026-04-16
T114,C137,V237,2026-04-18 00:51:32.048861,Chennai,toll,200.0,success,2026-04-18
T115,C103,V203,2026-04-14 00:01:32.048864,Bangalore,toll,100.0,success,2026-04-14
T116,C122,V222,2026-04-15 08:14:32.048868,Mumbai,toll,500.0,failed,2026-04-15
T117,C126,V226,2026-04-16 19:35:32.048871,Bangalore,fuel,2500.0,failed,2026-04-16
T118,C134,V234,2026-04-18 01:22:32.048874,Mumbai,toll,15000.0,failed,2026-04-18
T119,C129,V229,2026-04-16 06:19:32.048878,Bangalore,fuel,500.0,success,2026-04-16
T120,C102,V202,2026-04-18 16:02:32.048881,Chennai,fuel,5000.0,failed,2026-04-18
T121,C140,V240,2026-04-15 22:13:32.048885,Bangalore,fuel,2500.0,failed,2026-04-15
T122,C107,V207,2026-04-13 19:32:32.048888,Chennai,toll,2500.0,failed,2026-04-13
T123,C106,V206,2026-04-16 08:46:32.048891,Chennai,fuel,500.0,failed,2026-04-16
T124,C144,V244,2026-04-13 09:34:32.048895,Bangalore,toll,100.0,failed,2026-04-13
T125,C129,V229,2026-04-16 03:01:32.048898,Bangalore,fuel,2500.0,failed,2026-04-16
T126,C132,V232,2026-04-17 01:29:32.048902,Mumbai,toll,100.0,success,2026-04-17
T127,C113,V213,2026-04-15 04:51:32.048906,Mumbai,fuel,100.0,success,2026-04-15
T128,C101,V201,2026-04-15 07:21:32.048910,Mumbai,fuel,200.0,failed,2026-04-15
T129,C145,V245,2026-04-13 15:01:32.048914,Mumbai,toll,200.0,failed,2026-04-13
T130,C121,V221,2026-04-16 01:24:32.048917,Chennai,fuel,500.0,failed,2026-04-16
T131,C102,V202,2026-04-15 04:25:32.048921,Mumbai,toll,200.0,failed,2026-04-15
T132,C138,V238,2026-04-16 04:30:32.048924,Bangalore,fuel,500.0,failed,2026-04-16
T133,C109,V209,2026-04-16 17:16:32.048927,Mumbai,toll,500.0,failed,2026-04-16
T134,C105,V205,2026-04-13 14:14:32.048931,Mumbai,fuel,100.0,failed,2026-04-13
T135,C138,V238,2026-04-16 19:15:32.048934,Mumbai,fuel,200.0,failed,2026-04-16
T136,C143,V243,2026-04-12 14:36:32.048938,Chennai,toll,2500.0,failed,2026-04-12
T137,C135,V235,2026-04-15 14:12:32.048941,Bangalore,toll,100.0,success,2026-04-15
T138,C113,V213,2026-04-14 03:13:32.048945,Mumbai,toll,200.0,success,2026-04-14
T139,C106,V206,2026-04-18 03:06:32.048948,Mumbai,toll,500.0,failed,2026-04-18
T140,C144,V244,2026-04-17 11:18:32.048951,Bangalore,toll,2500.0,failed,2026-04-17
T141,C142,V242,2026-04-14 12:48:32.048955,Chennai,toll,200.0,success,2026-04-14
T143,C122,V222,2026-04-15 23:34:32.048962,Bangalore,fuel,15000.0,failed,2026-04-15
T144,C146,V246,2026-04-16 07:30:32.048965,Mumbai,toll,500.0,success,2026-04-16
T145,C110,V210,2026-04-18 21:30:32.048968,Mumbai,fuel,2500.0,success,2026-04-18
T149,C142,V242,2026-04-17 08:56:32.048984,Bangalore,toll,100.0,success,2026-04-17
T150,C121,V221,2026-04-18 12:16:32.048987,Bangalore,fuel,2500.0,failed,2026-04-18
T151,C115,V215,2026-04-13 01:01:32.048991,Chennai,toll,500.0,success,2026-04-13
T152,C134,V234,2026-04-19 10:53:32.048995,Chennai,toll,500.0,failed,2026-04-19
T153,C112,V212,2026-04-13 00:12:32.048998,Chennai,toll,500.0,success,2026-04-13
T154,C132,V232,2026-04-18 08:36:32.049002,Mumbai,toll,2500.0,success,2026-04-18
T155,C129,V229,2026-04-15 03:42:32.049005,Bangalore,toll,100.0,success,2026-04-15
T156,C140,V240,2026-04-16 16:01:32.049008,Mumbai,toll,100.0,success,2026-04-16
T157,C110,V210,2026-04-15 08:19:32.049012,Mumbai,toll,200.0,failed,2026-04-15
T158,C143,V243,2026-04-13 09:31:32.049015,Bangalore,fuel,200.0,failed,2026-04-13
T159,C122,V222,2026-04-17 17:33:32.049019,Bangalore,fuel,100.0,success,2026-04-17
T160,C116,V216,2026-04-15 04:58:32.049022,Bangalore,fuel,2500.0,failed,2026-04-15
T161,C122,V222,2026-04-13 11:55:32.049026,Chennai,toll,100.0,failed,2026-04-13
T162,C102,V202,2026-04-16 11:21:32.049029,Chennai,fuel,2500.0,success,2026-04-16
T163,C126,V226,2026-04-17 07:42:32.049032,Chennai,fuel,100.0,success,2026-04-17
T164,C144,V244,2026-04-17 03:38:32.049036,Mumbai,fuel,2500.0,success,2026-04-17
T165,C121,V221,2026-04-13 17:00:32.049039,Mumbai,toll,15000.0,failed,2026-04-13
T166,C132,V232,2026-04-19 07:52:32.049042,Chennai,toll,500.0,failed,2026-04-19
T167,C113,V213,2026-04-18 10:28:32.049046,Bangalore,fuel,100.0,success,2026-04-18
T168,C133,V233,2026-04-14 07:17:32.049049,Mumbai,toll,5000.0,success,2026-04-14
T170,C131,V231,2026-04-15 09:42:32.049056,Chennai,toll,5000.0,success,2026-04-15
T171,C122,V222,2026-04-13 14:18:32.049059,Mumbai,toll,200.0,success,2026-04-13
T173,C125,V225,2026-04-15 00:29:32.049067,Mumbai,toll,500.0,success,2026-04-15
T174,C139,V239,2026-04-17 08:39:32.049071,Bangalore,fuel,2500.0,success,2026-04-17
T175,C138,V238,2026-04-12 20:51:32.049074,Mumbai,fuel,100.0,failed,2026-04-12
T176,C146,V246,2026-04-17 20:40:32.049077,Bangalore,toll,100.0,failed,2026-04-17
T177,C140,V240,2026-04-18 23:18:32.049081,Mumbai,fuel,100.0,success,2026-04-18
T178,C113,V213,2026-04-15 02:28:32.049084,Bangalore,fuel,100.0,failed,2026-04-15
T179,C120,V220,2026-04-19 10:56:32.049088,Bangalore,toll,100.0,failed,2026-04-19
T181,C120,V220,2026-04-16 22:38:32.049095,Bangalore,toll,100.0,success,2026-04-16
T182,C131,V231,2026-04-15 15:01:32.049098,Bangalore,fuel,100.0,failed,2026-04-15
T183,C138,V238,2026-04-14 09:23:32.049101,Bangalore,toll,500.0,success,2026-04-14
T184,C105,V205,2026-04-15 20:32:32.049105,Chennai,toll,100.0,failed,2026-04-15
T185,C147,V247,2026-04-16 11:26:32.049108,Bangalore,toll,2500.0,failed,2026-04-16
T186,C125,V225,2026-04-17 07:17:32.049111,Bangalore,fuel,100.0,success,2026-04-17
T187,C139,V239,2026-04-12 21:31:32.049115,Bangalore,fuel,5000.0,success,2026-04-12
T188,C147,V247,2026-04-12 16:29:32.049118,Mumbai,fuel,200.0,failed,2026-04-12
T189,C123,V223,2026-04-18 04:05:32.049121,Chennai,toll,500.0,failed,2026-04-18
T190,C149,V249,2026-04-12 23:48:32.049125,Chennai,toll,200.0,failed,2026-04-12
T191,C111,V211,2026-04-17 06:33:32.049129,Bangalore,fuel,500.0,failed,2026-04-17
T192,C121,V221,2026-04-13 00:29:32.049133,Mumbai,fuel,500.0,failed,2026-04-13
T193,C112,V212,2026-04-14 07:56:32.049137,Bangalore,fuel,2500.0,failed,2026-04-14
T195,C143,V243,2026-04-17 13:34:32.049144,Mumbai,fuel,200.0,success,2026-04-17
T196,C108,V208,2026-04-19 04:20:32.049147,Chennai,toll,100.0,failed,2026-04-19
T197,C117,V217,2026-04-19 01:39:32.049151,Chennai,fuel,100.0,success,2026-04-19
T198,C102,V202,2026-04-15 23:41:32.049154,Bangalore,fuel,100.0,success,2026-04-15
T199,C129,V229,2026-04-14 03:10:32.049158,Chennai,fuel,100.0,failed,2026-04-14
T200,C105,V205,2026-04-13 14:28:32.049161,Chennai,fuel,100.0,success,2026-04-13
T201,C120,V220,2026-04-18 12:03:32.049165,Bangalore,toll,200.0,failed,2026-04-18
T202,C109,V209,2026-04-14 02:42:32.049169,Chennai,fuel,200.0,failed,2026-04-14
T203,C129,V229,2026-04-12 17:26:32.049172,Mumbai,fuel,200.0,failed,2026-04-12
T204,C133,V233,2026-04-18 08:45:32.049175,Bangalore,toll,5000.0,success,2026-04-18
T205,C115,V215,2026-04-12 22:05:32.049179,Mumbai,fuel,2500.0,failed,2026-04-12
T206,C133,V233,2026-04-17 09:10:32.049182,Bangalore,fuel,500.0,success,2026-04-17
T207,C133,V233,2026-04-19 04:42:32.049185,Chennai,toll,15000.0,failed,2026-04-19
T208,C138,V238,2026-04-13 02:49:32.049189,Bangalore,toll,5000.0,failed,2026-04-13
T209,C121,V221,2026-04-13 09:04:32.049192,Bangalore,fuel,500.0,success,2026-04-13
T210,C124,V224,2026-04-16 17:14:32.049195,Mumbai,toll,100.0,success,2026-04-16
T211,C135,V235,2026-04-15 02:12:32.049199,Bangalore,fuel,200.0,failed,2026-04-15
T212,C134,V234,2026-04-13 06:01:32.049202,Bangalore,fuel,500.0,success,2026-04-13
T213,C111,V211,2026-04-13 11:35:32.049206,Chennai,toll,5000.0,failed,2026-04-13
T214,C135,V235,2026-04-17 20:39:32.049209,Mumbai,fuel,200.0,success,2026-04-17
T215,C125,V225,2026-04-17 05:19:32.049213,Bangalore,toll,100.0,success,2026-04-17
T216,C149,V249,2026-04-17 23:15:32.049216,Mumbai,fuel,2500.0,failed,2026-04-17
T217,C108,V208,2026-04-15 04:43:32.049220,Chennai,fuel,2500.0,failed,2026-04-15
T218,C149,V249,2026-04-13 11:06:32.049223,Chennai,toll,200.0,failed,2026-04-13
T219,C125,V225,2026-04-17 16:50:32.049226,Chennai,toll,100.0,success,2026-04-17
T220,C142,V242,2026-04-13 14:21:32.049230,Chennai,toll,200.0,success,2026-04-13
T221,C115,V215,2026-04-15 12:50:32.049233,Chennai,fuel,500.0,failed,2026-04-15
T222,C140,V240,2026-04-16 05:29:32.049236,Bangalore,toll,100.0,success,2026-04-16
T223,C146,V246,2026-04-14 18:27:32.049242,Chennai,fuel,500.0,success,2026-04-14
T224,C131,V231,2026-04-17 03:05:32.049245,Bangalore,fuel,100.0,failed,2026-04-17
T225,C110,V210,2026-04-16 15:14:32.049249,Mumbai,fuel,5000.0,failed,2026-04-16
T226,C104,V204,2026-04-18 11:56:32.049252,Chennai,fuel,15000.0,failed,2026-04-18
T227,C134,V234,2026-04-18 22:36:32.049256,Bangalore,toll,2500.0,success,2026-04-18
T228,C110,V210,2026-04-16 12:48:32.049259,Mumbai,toll,200.0,failed,2026-04-16
T229,C110,V210,2026-04-15 18:29:32.049262,Mumbai,toll,500.0,failed,2026-04-15
T230,C128,V228,2026-04-13 12:46:32.049266,Mumbai,toll,200.0,failed,2026-04-13
T231,C149,V249,2026-04-16 21:09:32.049269,Mumbai,toll,200.0,success,2026-04-16
T232,C116,V216,2026-04-12 23:38:32.049272,Chennai,toll,100.0,success,2026-04-12
T233,C147,V247,2026-04-19 05:51:32.049276,Chennai,toll,500.0,success,2026-04-19
T234,C135,V235,2026-04-18 08:50:32.049280,Chennai,fuel,2500.0,success,2026-04-18
T235,C109,V209,2026-04-13 13:22:32.049283,Mumbai,fuel,200.0,failed,2026-04-13
T236,C107,V207,2026-04-17 09:48:32.049288,Bangalore,toll,100.0,success,2026-04-17
T237,C115,V215,2026-04-17 13:53:32.049292,Mumbai,fuel,200.0,failed,2026-04-17
T239,C111,V211,2026-04-18 16:24:32.049299,Bangalore,fuel,15000.0,failed,2026-04-18
T241,C112,V212,2026-04-18 05:22:32.049306,Mumbai,fuel,2500.0,failed,2026-04-18
T242,C115,V215,2026-04-14 11:01:32.049309,Chennai,fuel,100.0,failed,2026-04-14
T243,C132,V232,2026-04-13 07:14:32.049312,Chennai,fuel,200.0,failed,2026-04-13
T244,C142,V242,2026-04-18 20:44:32.049316,Mumbai,fuel,100.0,failed,2026-04-18
T245,C141,V241,2026-04-13 16:55:32.049319,Mumbai,toll,5000.0,success,2026-04-13
T246,C116,V216,2026-04-14 08:55:32.049323,Mumbai,toll,100.0,failed,2026-04-14
T247,C137,V237,2026-04-13 15:26:32.049327,Chennai,toll,500.0,success,2026-04-13
T248,C125,V225,2026-04-17 21:05:32.049331,Chennai,toll,2500.0,failed,2026-04-17
T249,C115,V215,2026-04-13 16:07:32.049334,Bangalore,fuel,200.0,failed,2026-04-13
T251,C145,V245,2026-04-17 07:37:32.049341,Chennai,fuel,100.0,success,2026-04-17
T252,C133,V233,2026-04-18 18:51:32.049344,Chennai,fuel,500.0,success,2026-04-18
T253,C122,V222,2026-04-14 12:21:32.049348,Chennai,fuel,200.0,success,2026-04-14
T254,C111,V211,2026-04-16 10:59:32.049351,Chennai,fuel,100.0,success,2026-04-16
T255,C111,V211,2026-04-17 21:52:32.049356,Mumbai,fuel,100.0,failed,2026-04-17
T256,C114,V214,2026-04-19 11:53:32.049360,Chennai,fuel,500.0,success,2026-04-19
T257,C100,V200,2026-04-14 23:33:32.049363,Mumbai,toll,100.0,success,2026-04-14
T258,C143,V243,2026-04-19 04:21:32.049367,Chennai,fuel,200.0,failed,2026-04-19
T259,C128,V228,2026-04-13 17:41:32.049370,Mumbai,toll,200.0,success,2026-04-13
T260,C103,V203,2026-04-18 12:23:32.049374,Mumbai,fuel,200.0,failed,2026-04-18
T262,C141,V241,2026-04-18 01:08:32.049381,Bangalore,fuel,200.0,failed,2026-04-18
T265,C147,V247,2026-04-14 05:49:32.049392,Mumbai,toll,500.0,failed,2026-04-14
T266,C127,V227,2026-04-15 17:13:32.049395,Chennai,fuel,200.0,failed,2026-04-15
T267,C101,V201,2026-04-13 22:07:32.049399,Bangalore,fuel,2500.0,success,2026-04-13
T269,C133,V233,2026-04-13 09:16:32.049406,Mumbai,fuel,2500.0,failed,2026-04-13
T270,C141,V241,2026-04-12 15:11:32.049409,Bangalore,toll,200.0,success,2026-04-12
T271,C145,V245,2026-04-18 20:41:32.049413,Bangalore,fuel,100.0,success,2026-04-18
T272,C138,V238,2026-04-18 04:46:32.049416,Bangalore,toll,200.0,success,2026-04-18
T273,C119,V219,2026-04-15 17:31:32.049419,Bangalore,toll,200.0,success,2026-04-15
T274,C122,V222,2026-04-18 19:03:32.049423,Chennai,fuel,200.0,success,2026-04-18
T275,C132,V232,2026-04-13 17:53:32.049427,Chennai,fuel,100.0,failed,2026-04-13
T276,C145,V245,2026-04-14 14:54:32.049431,Chennai,toll,100.0,failed,2026-04-14
T277,C136,V236,2026-04-19 01:15:32.049435,Mumbai,fuel,100.0,success,2026-04-19
T278,C112,V212,2026-04-15 12:14:32.049438,Bangalore,toll,200.0,success,2026-04-15
T279,C103,V203,2026-04-13 23:15:32.049442,Chennai,fuel,100.0,success,2026-04-13
T280,C124,V224,2026-04-14 22:20:32.049445,Chennai,toll,200.0,success,2026-04-14
T281,C125,V225,2026-04-14 00:42:32.049449,Mumbai,toll,100.0,success,2026-04-14
T282,C133,V233,2026-04-12 21:39:32.049452,Chennai,fuel,100.0,failed,2026-04-12
T283,C134,V234,2026-04-12 20:32:32.049456,Mumbai,fuel,200.0,success,2026-04-12
T284,C109,V209,2026-04-18 00:41:32.049459,Mumbai,fuel,100.0,failed,2026-04-18
T285,C149,V249,2026-04-13 16:24:32.049462,Mumbai,toll,100.0,failed,2026-04-13
T287,C101,V201,2026-04-15 08:54:32.049470,Mumbai,toll,200.0,failed,2026-04-15
T288,C148,V248,2026-04-13 02:57:32.049474,Chennai,fuel,100.0,failed,2026-04-13
T289,C118,V218,2026-04-16 17:53:32.049478,Bangalore,fuel,2500.0,failed,2026-04-16
T290,C123,V223,2026-04-17 18:13:32.049481,Mumbai,fuel,200.0,success,2026-04-17
T291,C100,V200,2026-04-12 20:59:32.049485,Mumbai,fuel,2500.0,success,2026-04-12
T292,C123,V223,2026-04-15 18:02:32.049488,Chennai,toll,100.0,success,2026-04-15
T293,C111,V211,2026-04-17 08:32:32.049492,Bangalore,fuel,500.0,success,2026-04-17
T295,C134,V234,2026-04-16 08:55:32.049499,Bangalore,toll,500.0,failed,2026-04-16
T296,C138,V238,2026-04-19 07:12:32.049502,Chennai,toll,100.0,failed,2026-04-19
T298,C132,V232,2026-04-17 23:50:32.049509,Bangalore,toll,500.0,failed,2026-04-17
T299,C143,V243,2026-04-16 10:31:32.049512,Mumbai,toll,100.0,failed,2026-04-16
T300,C129,V229,2026-04-15 10:06:32.049515,Mumbai,fuel,2500.0,success,2026-04-15
T301,C132,V232,2026-04-13 20:34:32.049519,Bangalore,fuel,100.0,success,2026-04-13
T303,C128,V228,2026-04-18 01:40:32.049526,Chennai,fuel,2500.0,failed,2026-04-18
T305,C102,V202,2026-04-18 23:42:32.049532,Bangalore,toll,100.0,failed,2026-04-18
T306,C141,V241,2026-04-14 18:55:32.049536,Bangalore,fuel,200.0,success,2026-04-14
T307,C133,V233,2026-04-13 13:10:32.049539,Mumbai,fuel,200.0,success,2026-04-13
T309,C149,V249,2026-04-18 08:26:32.049548,Chennai,fuel,100.0,failed,2026-04-18
T310,C142,V242,2026-04-16 05:45:32.049551,Mumbai,toll,15000.0,success,2026-04-16
T311,C140,V240,2026-04-14 17:28:32.049555,Mumbai,toll,5000.0,failed,2026-04-14
T312,C118,V218,2026-04-13 13:36:32.049558,Mumbai,toll,2500.0,failed,2026-04-13
T313,C122,V222,2026-04-12 16:47:32.049562,Bangalore,toll,200.0,success,2026-04-12
T314,C142,V242,2026-04-15 23:20:32.049565,Chennai,toll,100.0,failed,2026-04-15
T316,C149,V249,2026-04-15 03:08:32.049573,Mumbai,fuel,200.0,success,2026-04-15
T317,C143,V243,2026-04-19 11:19:32.049577,Chennai,fuel,5000.0,failed,2026-04-19
T318,C137,V237,2026-04-16 08:28:32.049581,Bangalore,fuel,500.0,failed,2026-04-16
T319,C128,V228,2026-04-18 05:38:32.049585,Mumbai,toll,2500.0,failed,2026-04-18
T320,C127,V227,2026-04-17 09:29:32.049589,Bangalore,toll,5000.0,failed,2026-04-17
T321,C146,V246,2026-04-18 15:39:32.049592,Bangalore,fuel,5000.0,failed,2026-04-18
T322,C109,V209,2026-04-15 08:36:32.049596,Bangalore,toll,2500.0,failed,2026-04-15
T323,C138,V238,2026-04-17 06:05:32.049600,Chennai,toll,500.0,success,2026-04-17
T324,C102,V202,2026-04-14 23:54:32.049603,Mumbai,toll,2500.0,success,2026-04-14
T325,C135,V235,2026-04-13 11:34:32.049607,Mumbai,fuel,200.0,success,2026-04-13
T326,C100,V200,2026-04-18 03:11:32.049610,Mumbai,toll,100.0,success,2026-04-18
T327,C148,V248,2026-04-16 22:37:32.049614,Bangalore,fuel,500.0,success,2026-04-16
T328,C144,V244,2026-04-16 14:02:32.049617,Chennai,fuel,500.0,success,2026-04-16
T329,C106,V206,2026-04-15 05:48:32.049621,Chennai,fuel,200.0,success,2026-04-15
T330,C132,V232,2026-04-17 15:28:32.049624,Mumbai,toll,5000.0,success,2026-04-17
T331,C100,V200,2026-04-18 23:22:32.049628,Bangalore,toll,200.0,failed,2026-04-18
T332,C133,V233,2026-04-16 22:48:32.049631,Mumbai,toll,5000.0,success,2026-04-16
T333,C121,V221,2026-04-17 20:34:32.049634,Mumbai,toll,200.0,success,2026-04-17
T335,C110,V210,2026-04-15 11:49:32.049641,Bangalore,toll,100.0,success,2026-04-15
T336,C145,V245,2026-04-18 05:58:32.049645,Mumbai,toll,100.0,success,2026-04-18
T337,C125,V225,2026-04-16 23:14:32.049648,Bangalore,fuel,100.0,success,2026-04-16
T338,C108,V208,2026-04-16 00:34:32.049652,Bangalore,fuel,100.0,success,2026-04-16
T339,C141,V241,2026-04-13 12:23:32.049655,Mumbai,fuel,200.0,success,2026-04-13
T340,C112,V212,2026-04-15 16:31:32.049659,Mumbai,fuel,200.0,success,2026-04-15
T342,C123,V223,2026-04-17 21:01:32.049666,Bangalore,fuel,2500.0,failed,2026-04-17
T344,C129,V229,2026-04-14 01:17:32.049673,Chennai,fuel,2500.0,failed,2026-04-14
T345,C136,V236,2026-04-15 20:14:32.049676,Chennai,fuel,100.0,failed,2026-04-15
T346,C116,V216,2026-04-16 08:42:32.049679,Mumbai,fuel,500.0,failed,2026-04-16
T347,C102,V202,2026-04-18 20:31:32.049683,Chennai,toll,200.0,failed,2026-04-18
T348,C107,V207,2026-04-15 19:51:32.049687,Bangalore,toll,100.0,failed,2026-04-15
T349,C124,V224,2026-04-13 14:11:32.049690,Mumbai,toll,500.0,success,2026-04-13
T350,C149,V249,2026-04-16 15:16:32.049694,Chennai,toll,200.0,failed,2026-04-16
T351,C102,V202,2026-04-19 07:20:32.049699,Chennai,toll,100.0,failed,2026-04-19
T352,C127,V227,2026-04-16 14:05:32.049702,Mumbai,fuel,2500.0,failed,2026-04-16
T353,C125,V225,2026-04-14 10:07:32.049707,Bangalore,toll,5000.0,success,2026-04-14
T354,C108,V208,2026-04-16 00:23:32.049710,Mumbai,toll,100.0,success,2026-04-16
T355,C107,V207,2026-04-17 03:50:32.049713,Chennai,fuel,2500.0,failed,2026-04-17
T356,C114,V214,2026-04-15 16:59:32.049717,Bangalore,fuel,100.0,success,2026-04-15
T357,C127,V227,2026-04-18 21:11:32.049720,Mumbai,toll,200.0,success,2026-04-18
T358,C143,V243,2026-04-14 14:29:32.049724,Mumbai,fuel,15000.0,success,2026-04-14
T359,C130,V230,2026-04-17 20:06:32.049728,Chennai,fuel,200.0,failed,2026-04-17
T360,C117,V217,2026-04-13 04:27:32.049731,Chennai,fuel,5000.0,success,2026-04-13
T361,C124,V224,2026-04-13 07:08:32.049735,Bangalore,fuel,500.0,success,2026-04-13
T362,C124,V224,2026-04-15 07:12:32.049738,Chennai,toll,200.0,failed,2026-04-15
T363,C122,V222,2026-04-18 15:14:32.049742,Mumbai,toll,100.0,success,2026-04-18
T364,C111,V211,2026-04-13 05:11:32.049746,Bangalore,toll,100.0,failed,2026-04-13
T365,C118,V218,2026-04-14 04:52:32.049749,Mumbai,toll,500.0,success,2026-04-14
T366,C115,V215,2026-04-16 00:19:32.049752,Bangalore,fuel,2500.0,failed,2026-04-16
T367,C105,V205,2026-04-14 12:40:32.049756,Mumbai,toll,100.0,failed,2026-04-14
T368,C126,V226,2026-04-17 22:01:32.049760,Mumbai,fuel,200.0,failed,2026-04-17
T369,C103,V203,2026-04-16 12:02:32.049763,Chennai,toll,5000.0,failed,2026-04-16
T370,C127,V227,2026-04-18 15:36:32.049766,Mumbai,toll,500.0,success,2026-04-18
T371,C127,V227,2026-04-18 13:51:32.049770,Chennai,fuel,500.0,success,2026-04-18
T372,C123,V223,2026-04-14 06:49:32.049773,Chennai,fuel,100.0,failed,2026-04-14
T373,C141,V241,2026-04-13 07:40:32.049777,Mumbai,fuel,100.0,success,2026-04-13
T374,C113,V213,2026-04-17 15:33:32.049780,Chennai,toll,200.0,success,2026-04-17
T375,C118,V218,2026-04-18 20:41:32.049784,Chennai,fuel,500.0,failed,2026-04-18
T376,C111,V211,2026-04-13 14:43:32.049787,Bangalore,fuel,100.0,failed,2026-04-13
T377,C126,V226,2026-04-15 13:10:32.049791,Mumbai,fuel,500.0,failed,2026-04-15
T378,C130,V230,2026-04-13 12:37:32.049794,Chennai,toll,2500.0,success,2026-04-13
T379,C119,V219,2026-04-13 19:17:32.049797,Chennai,fuel,2500.0,failed,2026-04-13
T380,C111,V211,2026-04-18 22:37:32.049801,Bangalore,fuel,200.0,failed,2026-04-18
T381,C132,V232,2026-04-13 23:09:32.049804,Mumbai,toll,2500.0,success,2026-04-13
T383,C105,V205,2026-04-17 19:09:32.049812,Mumbai,toll,500.0,success,2026-04-17
T384,C120,V220,2026-04-13 22:36:32.049815,Bangalore,toll,2500.0,success,2026-04-13
T386,C105,V205,2026-04-14 09:04:32.049823,Bangalore,fuel,100.0,success,2026-04-14
T387,C102,V202,2026-04-17 03:21:32.049826,Mumbai,toll,5000.0,success,2026-04-17
T388,C108,V208,2026-04-13 16:19:32.049829,Bangalore,toll,200.0,success,2026-04-13
T389,C137,V237,2026-04-14 20:45:32.049833,Bangalore,toll,100.0,failed,2026-04-14
T390,C115,V215,2026-04-18 05:09:32.049836,Bangalore,toll,100.0,success,2026-04-18
T391,C123,V223,2026-04-19 08:25:32.049840,Bangalore,fuel,2500.0,failed,2026-04-19
T392,C139,V239,2026-04-13 04:06:32.049843,Mumbai,toll,500.0,success,2026-04-13
T394,C121,V221,2026-04-17 01:33:32.049850,Bangalore,fuel,5000.0,success,2026-04-17
T395,C126,V226,2026-04-13 12:55:32.049853,Chennai,fuel,500.0,failed,2026-04-13
T396,C121,V221,2026-04-17 18:35:32.049857,Bangalore,toll,500.0,success,2026-04-17
T397,C124,V224,2026-04-15 09:56:32.049861,Mumbai,fuel,100.0,success,2026-04-15
T398,C124,V224,2026-04-15 16:59:32.049864,Mumbai,fuel,500.0,success,2026-04-15
T399,C113,V213,2026-04-15 14:40:32.049867,Bangalore,fuel,500.0,success,2026-04-15
T401,C100,V200,2026-04-17 16:37:32.049876,Bangalore,fuel,200.0,failed,2026-04-17
T402,C116,V216,2026-04-18 16:23:32.049880,Chennai,toll,100.0,failed,2026-04-18
T403,C100,V200,2026-04-12 16:24:32.049884,Bangalore,toll,200.0,failed,2026-04-12
T404,C141,V241,2026-04-13 22:22:32.049887,Bangalore,fuel,200.0,failed,2026-04-13
T406,C132,V232,2026-04-18 12:49:32.049895,Chennai,toll,100.0,success,2026-04-18
T407,C139,V239,2026-04-14 02:40:32.049898,Chennai,fuel,100.0,failed,2026-04-14
T408,C133,V233,2026-04-18 18:47:32.049902,Mumbai,fuel,100.0,failed,2026-04-18
T409,C123,V223,2026-04-18 10:32:32.049905,Bangalore,fuel,200.0,success,2026-04-18
T410,C122,V222,2026-04-17 11:30:32.049909,Mumbai,fuel,200.0,failed,2026-04-17
T411,C146,V246,2026-04-18 09:51:32.049912,Mumbai,toll,100.0,failed,2026-04-18
T412,C125,V225,2026-04-13 08:11:32.049915,Chennai,toll,100.0,success,2026-04-13
T413,C110,V210,2026-04-18 19:44:32.049919,Bangalore,toll,100.0,failed,2026-04-18
T414,C148,V248,2026-04-16 15:15:32.049923,Mumbai,toll,200.0,success,2026-04-16
T415,C148,V248,2026-04-14 20:25:32.049927,Chennai,fuel,100.0,failed,2026-04-14
T417,C146,V246,2026-04-19 05:36:32.049934,Chennai,fuel,100.0,failed,2026-04-19
T419,C130,V230,2026-04-14 16:33:32.049941,Chennai,fuel,200.0,success,2026-04-14
T420,C120,V220,2026-04-14 09:18:32.049945,Bangalore,fuel,200.0,failed,2026-04-14
T421,C127,V227,2026-04-14 02:58:32.049948,Chennai,fuel,200.0,success,2026-04-14
T422,C115,V215,2026-04-13 05:54:32.049952,Mumbai,fuel,200.0,failed,2026-04-13
T423,C127,V227,2026-04-17 02:43:32.049955,Bangalore,toll,500.0,failed,2026-04-17
T424,C119,V219,2026-04-12 15:54:32.049959,Chennai,toll,2500.0,success,2026-04-12
T425,C134,V234,2026-04-13 09:31:32.049962,Chennai,fuel,100.0,success,2026-04-13
T426,C109,V209,2026-04-18 12:06:32.049966,Bangalore,toll,2500.0,success,2026-04-18
T428,C124,V224,2026-04-19 00:58:32.049972,Chennai,toll,100.0,failed,2026-04-19
T429,C123,V223,2026-04-13 03:00:32.049976,Chennai,toll,100.0,failed,2026-04-13
T430,C117,V217,2026-04-17 04:49:32.049979,Bangalore,fuel,200.0,failed,2026-04-17
T431,C138,V238,2026-04-14 23:59:32.049983,Bangalore,toll,500.0,failed,2026-04-14
T432,C107,V207,2026-04-15 09:45:32.049986,Bangalore,fuel,200.0,success,2026-04-15
T433,C105,V205,2026-04-16 21:27:32.049990,Chennai,fuel,200.0,failed,2026-04-16
T434,C142,V242,2026-04-18 15:17:32.049993,Bangalore,toll,500.0,success,2026-04-18
T435,C110,V210,2026-04-19 00:54:32.049997,Mumbai,toll,500.0,failed,2026-04-19
T436,C112,V212,2026-04-14 06:57:32.050000,Bangalore,fuel,200.0,failed,2026-04-14
T437,C111,V211,2026-04-17 03:50:32.050003,Chennai,toll,200.0,success,2026-04-17
T439,C138,V238,2026-04-18 20:31:32.050010,Bangalore,fuel,5000.0,failed,2026-04-18
T440,C107,V207,2026-04-16 03:27:32.050014,Chennai,fuel,500.0,failed,2026-04-16
T441,C141,V241,2026-04-14 03:36:32.050017,Bangalore,fuel,200.0,failed,2026-04-14
T442,C125,V225,2026-04-16 09:56:32.050020,Mumbai,toll,5000.0,success,2026-04-16
T444,C125,V225,2026-04-17 21:22:32.050029,Mumbai,fuel,100.0,failed,2026-04-17
T445,C116,V216,2026-04-14 12:50:32.050032,Chennai,toll,200.0,failed,2026-04-14
T446,C105,V205,2026-04-16 20:16:32.050036,Chennai,toll,2500.0,failed,2026-04-16
T447,C109,V209,2026-04-19 10:58:32.050040,Mumbai,toll,500.0,success,2026-04-19
T448,C145,V245,2026-04-18 08:48:32.050044,Mumbai,fuel,2500.0,success,2026-04-18
T449,C108,V208,2026-04-16 19:30:32.050047,Chennai,fuel,200.0,failed,2026-04-16
T450,C105,V205,2026-04-15 19:21:32.050050,Bangalore,fuel,5000.0,success,2026-04-15
T451,C136,V236,2026-04-12 19:37:32.050054,Bangalore,fuel,2500.0,failed,2026-04-12
T452,C129,V229,2026-04-18 01:11:32.050057,Mumbai,fuel,100.0,success,2026-04-18
T453,C136,V236,2026-04-14 21:58:32.050060,Bangalore,fuel,500.0,success,2026-04-14
T455,C131,V231,2026-04-15 15:31:32.050067,Bangalore,toll,100.0,failed,2026-04-15
T456,C133,V233,2026-04-14 03:58:32.050071,Bangalore,fuel,100.0,failed,2026-04-14
T457,C110,V210,2026-04-14 15:59:32.050075,Chennai,toll,2500.0,failed,2026-04-14
T458,C136,V236,2026-04-17 13:53:32.050079,Bangalore,fuel,2500.0,failed,2026-04-17
T459,C145,V245,2026-04-14 10:09:32.050082,Chennai,fuel,200.0,success,2026-04-14
T460,C138,V238,2026-04-14 15:48:32.050086,Chennai,fuel,500.0,failed,2026-04-14
T462,C133,V233,2026-04-17 15:26:32.050093,Chennai,fuel,100.0,failed,2026-04-17
T463,C138,V238,2026-04-13 08:47:32.050096,Bangalore,fuel,200.0,success,2026-04-13
T464,C148,V248,2026-04-14 09:31:32.050099,Mumbai,fuel,2500.0,success,2026-04-14
T465,C100,V200,2026-04-19 01:36:32.050112,Chennai,fuel,100.0,failed,2026-04-19
T466,C106,V206,2026-04-12 19:10:32.050116,Mumbai,fuel,200.0,failed,2026-04-12
T467,C105,V205,2026-04-15 10:11:32.050120,Bangalore,fuel,100.0,failed,2026-04-15
T468,C121,V221,2026-04-13 21:33:32.050123,Mumbai,toll,500.0,success,2026-04-13
T469,C147,V247,2026-04-12 22:42:32.050126,Bangalore,fuel,500.0,failed,2026-04-12
T470,C121,V221,2026-04-19 00:47:32.050130,Bangalore,toll,200.0,failed,2026-04-19
T471,C133,V233,2026-04-15 06:01:32.050133,Chennai,fuel,2500.0,success,2026-04-15
T472,C149,V249,2026-04-14 01:41:32.050137,Chennai,fuel,100.0,success,2026-04-14
T474,C147,V247,2026-04-15 16:51:32.050144,Chennai,fuel,100.0,failed,2026-04-15
T475,C112,V212,2026-04-19 12:21:32.050147,Bangalore,fuel,100.0,failed,2026-04-19
T476,C101,V201,2026-04-18 18:46:32.050151,Bangalore,toll,200.0,failed,2026-04-18
T477,C136,V236,2026-04-13 09:46:32.050154,Bangalore,fuel,200.0,failed,2026-04-13
T478,C142,V242,2026-04-12 18:40:32.050159,Mumbai,fuel,200.0,success,2026-04-12
T479,C114,V214,2026-04-18 05:58:32.050163,Chennai,fuel,200.0,failed,2026-04-18
T480,C146,V246,2026-04-13 17:01:32.050166,Chennai,fuel,500.0,success,2026-04-13
T481,C118,V218,2026-04-13 19:46:32.050170,Bangalore,fuel,200.0,success,2026-04-13
T482,C124,V224,2026-04-18 14:49:32.050173,Chennai,fuel,100.0,failed,2026-04-18
T483,C147,V247,2026-04-12 14:39:32.050177,Chennai,toll,2500.0,failed,2026-04-12
T484,C110,V210,2026-04-12 22:16:32.050180,Chennai,fuel,5000.0,success,2026-04-12
T485,C100,V200,2026-04-19 11:21:32.050185,Bangalore,fuel,2500.0,success,2026-04-19
T486,C106,V206,2026-04-16 18:17:32.050189,Mumbai,toll,200.0,success,2026-04-16
T487,C109,V209,2026-04-15 14:17:32.050192,Chennai,fuel,500.0,success,2026-04-15
T488,C101,V201,2026-04-18 18:52:32.050195,Bangalore,toll,500.0,failed,2026-04-18
T489,C105,V205,2026-04-14 10:06:32.050199,Bangalore,toll,100.0,success,2026-04-14
T490,C135,V235,2026-04-14 16:28:32.050203,Mumbai,fuel,500.0,success,2026-04-14
T491,C128,V228,2026-04-12 19:35:32.050206,Chennai,fuel,200.0,failed,2026-04-12
T492,C103,V203,2026-04-17 07:18:32.050210,Chennai,toll,2500.0,failed,2026-04-17
T493,C145,V245,2026-04-13 02:57:32.050213,Bangalore,toll,100.0,success,2026-04-13
T495,C114,V214,2026-04-15 00:41:32.050220,Mumbai,toll,2500.0,success,2026-04-15
T496,C103,V203,2026-04-15 07:09:32.050224,Mumbai,fuel,5000.0,failed,2026-04-15
T497,C106,V206,2026-04-16 19:11:32.050227,Mumbai,fuel,2500.0,success,2026-04-16
T498,C148,V248,2026-04-15 17:42:32.050231,Chennai,fuel,100.0,failed,2026-04-15
T499,C139,V239,2026-04-14 04:55:32.050234,Bangalore,fuel,100.0,failed,2026-04-14
T500,C100,V200,2026-04-13 23:45:32.050237,Mumbai,fuel,500.0,success,2026-04-13
T501,C140,V240,2026-04-16 16:15:32.050241,Chennai,fuel,500.0,failed,2026-04-16
T502,C145,V245,2026-04-15 19:55:32.050244,Chennai,toll,200.0,failed,2026-04-15
T503,C110,V210,2026-04-15 20:29:32.050248,Chennai,toll,500.0,failed,2026-04-15
T504,C136,V236,2026-04-13 03:06:32.050251,Chennai,toll,5000.0,failed,2026-04-13
T506,C121,V221,2026-04-16 11:45:32.050258,Mumbai,fuel,2500.0,failed,2026-04-16
T508,C102,V202,2026-04-14 08:33:32.050265,Bangalore,toll,200.0,success,2026-04-14
T509,C101,V201,2026-04-18 03:18:32.050268,Bangalore,toll,2500.0,failed,2026-04-18
T510,C128,V228,2026-04-14 16:18:32.050273,Bangalore,fuel,200.0,success,2026-04-14
T511,C107,V207,2026-04-13 02:19:32.050276,Bangalore,toll,2500.0,success,2026-04-13
T512,C124,V224,2026-04-16 16:44:32.050280,Bangalore,fuel,200.0,success,2026-04-16
T513,C136,V236,2026-04-14 21:57:32.050284,Bangalore,toll,5000.0,failed,2026-04-14
T514,C114,V214,2026-04-13 12:34:32.050287,Bangalore,fuel,100.0,success,2026-04-13
T515,C107,V207,2026-04-19 07:07:32.050290,Bangalore,fuel,100.0,success,2026-04-19
T517,C148,V248,2026-04-13 11:20:32.050298,Bangalore,fuel,200.0,success,2026-04-13
T518,C145,V245,2026-04-14 06:25:32.050302,Mumbai,toll,200.0,failed,2026-04-14
T519,C139,V239,2026-04-17 18:57:32.050305,Bangalore,toll,500.0,success,2026-04-17
T520,C144,V244,2026-04-17 02:21:32.050309,Chennai,fuel,200.0,success,2026-04-17
T521,C104,V204,2026-04-15 14:29:32.050494,Mumbai,toll,100.0,failed,2026-04-15
T522,C112,V212,2026-04-15 20:41:32.050499,Mumbai,fuel,100.0,failed,2026-04-15
T523,C143,V243,2026-04-18 17:34:32.050503,Chennai,fuel,2500.0,success,2026-04-18
T524,C101,V201,2026-04-17 03:10:32.050507,Mumbai,toll,2500.0,success,2026-04-17
T525,C113,V213,2026-04-13 06:31:32.050510,Chennai,fuel,2500.0,failed,2026-04-13
T526,C144,V244,2026-04-16 02:05:32.050515,Bangalore,toll,500.0,failed,2026-04-16
T528,C106,V206,2026-04-15 06:02:32.050523,Mumbai,fuel,500.0,success,2026-04-15
T529,C121,V221,2026-04-19 08:31:32.050526,Mumbai,toll,500.0,failed,2026-04-19
T530,C139,V239,2026-04-14 23:05:32.050530,Bangalore,fuel,500.0,success,2026-04-14
T531,C139,V239,2026-04-18 11:40:32.050533,Chennai,toll,100.0,failed,2026-04-18
T533,C117,V217,2026-04-14 03:29:32.050540,Chennai,toll,2500.0,success,2026-04-14
T534,C130,V230,2026-04-13 03:38:32.050543,Mumbai,toll,500.0,success,2026-04-13
T535,C131,V231,2026-04-14 00:50:32.050547,Chennai,toll,2500.0,success,2026-04-14
T536,C116,V216,2026-04-18 04:51:32.050550,Chennai,fuel,100.0,failed,2026-04-18
T537,C114,V214,2026-04-19 10:11:32.050554,Chennai,toll,5000.0,failed,2026-04-19
T538,C124,V224,2026-04-13 20:10:32.050557,Mumbai,fuel,200.0,failed,2026-04-13
T539,C105,V205,2026-04-15 06:26:32.050561,Bangalore,toll,15000.0,success,2026-04-15
T540,C120,V220,2026-04-12 23:11:32.050564,Chennai,toll,200.0,failed,2026-04-12
T541,C142,V242,2026-04-17 14:13:32.050568,Chennai,toll,5000.0,success,2026-04-17
T542,C124,V224,2026-04-13 02:33:32.050573,Mumbai,fuel,5000.0,success,2026-04-13
T543,C137,V237,2026-04-16 17:29:32.050576,Chennai,fuel,2500.0,failed,2026-04-16
T544,C146,V246,2026-04-14 22:38:32.050579,Chennai,toll,5000.0,failed,2026-04-14
T545,C122,V222,2026-04-14 19:18:32.050583,Chennai,toll,200.0,success,2026-04-14
T546,C112,V212,2026-04-15 08:36:32.050587,Bangalore,toll,500.0,success,2026-04-15
T547,C128,V228,2026-04-16 02:44:32.050590,Chennai,fuel,500.0,failed,2026-04-16
T548,C127,V227,2026-04-15 08:29:32.050593,Chennai,fuel,2500.0,failed,2026-04-15
T549,C136,V236,2026-04-19 01:24:32.050597,Chennai,fuel,200.0,failed,2026-04-19
T550,C103,V203,2026-04-15 20:02:32.050600,Mumbai,toll,500.0,success,2026-04-15
T551,C133,V233,2026-04-16 10:14:32.050604,Mumbai,fuel,100.0,failed,2026-04-16
T552,C134,V234,2026-04-16 04:03:32.050607,Chennai,toll,100.0,failed,2026-04-16
T553,C143,V243,2026-04-16 02:53:32.050611,Bangalore,fuel,100.0,failed,2026-04-16
T554,C117,V217,2026-04-14 00:41:32.050614,Bangalore,fuel,100.0,failed,2026-04-14
T555,C143,V243,2026-04-12 15:44:32.050617,Chennai,toll,2500.0,failed,2026-04-12
T556,C139,V239,2026-04-17 21:41:32.050621,Bangalore,fuel,500.0,success,2026-04-17
T557,C100,V200,2026-04-19 01:56:32.050625,Bangalore,fuel,200.0,success,2026-04-19
T559,C112,V212,2026-04-13 03:25:32.050632,Mumbai,toll,500.0,success,2026-04-13
T560,C144,V244,2026-04-18 03:36:32.050635,Chennai,toll,200.0,success,2026-04-18
T561,C100,V200,2026-04-15 15:53:32.050638,Chennai,fuel,2500.0,failed,2026-04-15
T562,C124,V224,2026-04-13 01:05:32.050642,Bangalore,fuel,100.0,success,2026-04-13
T564,C149,V249,2026-04-16 02:57:32.050648,Bangalore,toll,500.0,failed,2026-04-16
T565,C110,V210,2026-04-13 20:44:32.050652,Mumbai,fuel,500.0,failed,2026-04-13
T566,C131,V231,2026-04-16 06:50:32.050655,Chennai,fuel,100.0,failed,2026-04-16
T567,C138,V238,2026-04-15 04:21:32.050658,Bangalore,toll,200.0,success,2026-04-15
T568,C141,V241,2026-04-12 16:07:32.050662,Mumbai,toll,5000.0,success,2026-04-12
T569,C146,V246,2026-04-16 18:55:32.050674,Chennai,fuel,200.0,failed,2026-04-16
T570,C149,V249,2026-04-16 18:45:32.050678,Chennai,fuel,100.0,success,2026-04-16
T571,C128,V228,2026-04-12 18:48:32.050682,Chennai,toll,200.0,success,2026-04-12
T572,C141,V241,2026-04-18 22:32:32.050686,Bangalore,fuel,200.0,failed,2026-04-18
T573,C110,V210,2026-04-18 04:29:32.050689,Mumbai,toll,200.0,success,2026-04-18
T574,C148,V248,2026-04-17 07:57:32.050694,Chennai,fuel,500.0,success,2026-04-17
T575,C107,V207,2026-04-17 10:31:32.050697,Chennai,toll,200.0,failed,2026-04-17
T576,C141,V241,2026-04-14 18:21:32.050701,Bangalore,toll,100.0,failed,2026-04-14
T577,C124,V224,2026-04-17 12:11:32.050704,Mumbai,fuel,5000.0,failed,2026-04-17
T578,C109,V209,2026-04-17 09:18:32.050708,Bangalore,toll,100.0,success,2026-04-17
T579,C146,V246,2026-04-13 20:42:32.050711,Bangalore,toll,200.0,success,2026-04-13
T580,C107,V207,2026-04-13 22:31:32.050715,Bangalore,fuel,200.0,failed,2026-04-13
T581,C143,V243,2026-04-17 02:08:32.050718,Mumbai,fuel,100.0,success,2026-04-17
T582,C102,V202,2026-04-18 00:33:32.050722,Mumbai,fuel,100.0,success,2026-04-18
T583,C103,V203,2026-04-15 08:44:32.050725,Mumbai,fuel,200.0,success,2026-04-15
T584,C136,V236,2026-04-13 04:12:32.050728,Bangalore,fuel,200.0,success,2026-04-13
T585,C132,V232,2026-04-14 10:52:32.050732,Chennai,fuel,15000.0,success,2026-04-14
T586,C145,V245,2026-04-16 22:37:32.050735,Mumbai,toll,500.0,success,2026-04-16
T587,C125,V225,2026-04-13 01:34:32.050738,Bangalore,toll,2500.0,failed,2026-04-13
T588,C144,V244,2026-04-18 23:08:32.050742,Chennai,fuel,500.0,failed,2026-04-18
T590,C133,V233,2026-04-13 13:26:32.050749,Bangalore,fuel,500.0,success,2026-04-13
T592,C148,V248,2026-04-14 21:12:32.050756,Chennai,fuel,200.0,failed,2026-04-14
T593,C130,V230,2026-04-18 21:48:32.050761,Bangalore,toll,2500.0,failed,2026-04-18
T595,C130,V230,2026-04-18 03:29:32.050768,Mumbai,fuel,500.0,failed,2026-04-18
T596,C101,V201,2026-04-16 05:04:32.050772,Mumbai,fuel,200.0,failed,2026-04-16
T597,C149,V249,2026-04-16 15:41:32.050775,Mumbai,toll,200.0,success,2026-04-16
T598,C136,V236,2026-04-18 03:43:32.050779,Chennai,fuel,200.0,failed,2026-04-18
T599,C146,V246,2026-04-15 10:28:32.050782,Mumbai,fuel,200.0,success,2026-04-15
T600,C126,V226,2026-04-18 20:16:32.050785,Bangalore,fuel,500.0,success,2026-04-18
T601,C104,V204,2026-04-17 00:05:32.050789,Bangalore,fuel,200.0,success,2026-04-17
T602,C115,V215,2026-04-15 09:07:32.050792,Mumbai,toll,500.0,success,2026-04-15
T603,C114,V214,2026-04-19 05:19:32.050795,Mumbai,toll,100.0,failed,2026-04-19
T604,C140,V240,2026-04-18 18:19:32.050799,Chennai,fuel,500.0,success,2026-04-18
T605,C121,V221,2026-04-14 07:51:32.050802,Mumbai,toll,500.0,success,2026-04-14
T606,C116,V216,2026-04-17 21:22:32.050807,Bangalore,fuel,200.0,success,2026-04-17
T607,C125,V225,2026-04-12 18:33:32.050811,Mumbai,toll,200.0,failed,2026-04-12
T608,C104,V204,2026-04-18 19:53:32.050814,Mumbai,fuel,15000.0,failed,2026-04-18
T609,C134,V234,2026-04-17 03:48:32.050817,Chennai,toll,2500.0,success,2026-04-17
T610,C143,V243,2026-04-14 04:17:32.050822,Chennai,toll,100.0,failed,2026-04-14
T612,C123,V223,2026-04-17 19:24:32.050829,Chennai,fuel,100.0,success,2026-04-17
T613,C147,V247,2026-04-13 07:59:32.050833,Bangalore,toll,200.0,failed,2026-04-13
T614,C105,V205,2026-04-15 02:51:32.050836,Mumbai,toll,500.0,success,2026-04-15
T615,C143,V243,2026-04-19 00:07:32.050840,Bangalore,fuel,100.0,success,2026-04-19
T616,C114,V214,2026-04-18 00:12:32.050843,Chennai,toll,100.0,failed,2026-04-18
T617,C148,V248,2026-04-16 14:25:32.050847,Mumbai,fuel,100.0,success,2026-04-16
T618,C130,V230,2026-04-12 15:51:32.050850,Mumbai,fuel,5000.0,failed,2026-04-12
T619,C103,V203,2026-04-14 22:52:32.050853,Chennai,toll,200.0,success,2026-04-14
T620,C134,V234,2026-04-14 02:44:32.050857,Mumbai,toll,2500.0,failed,2026-04-14
T621,C145,V245,2026-04-13 02:46:32.050860,Mumbai,fuel,100.0,success,2026-04-13
T623,C114,V214,2026-04-17 16:13:32.050867,Mumbai,fuel,100.0,failed,2026-04-17
T624,C106,V206,2026-04-15 18:35:32.050870,Mumbai,toll,2500.0,success,2026-04-15
T625,C124,V224,2026-04-17 16:46:32.050874,Chennai,fuel,200.0,success,2026-04-17
T627,C132,V232,2026-04-16 07:12:32.050881,Mumbai,toll,100.0,success,2026-04-16
T628,C113,V213,2026-04-17 03:39:32.050884,Chennai,fuel,100.0,success,2026-04-17
T629,C103,V203,2026-04-14 13:06:32.050887,Bangalore,fuel,100.0,success,2026-04-14
T630,C126,V226,2026-04-19 11:29:32.050891,Bangalore,toll,2500.0,success,2026-04-19
T631,C127,V227,2026-04-14 03:42:32.050894,Chennai,toll,500.0,failed,2026-04-14
T633,C116,V216,2026-04-18 07:20:32.050902,Mumbai,toll,200.0,failed,2026-04-18
T634,C101,V201,2026-04-16 17:01:32.050905,Chennai,toll,200.0,failed,2026-04-16
T636,C140,V240,2026-04-13 23:50:32.050912,Mumbai,toll,200.0,failed,2026-04-13
T637,C135,V235,2026-04-12 14:41:32.050915,Bangalore,toll,500.0,failed,2026-04-12
T638,C101,V201,2026-04-13 13:31:32.050920,Bangalore,toll,100.0,success,2026-04-13
T639,C128,V228,2026-04-12 23:25:32.050923,Chennai,fuel,5000.0,success,2026-04-12
T640,C137,V237,2026-04-18 22:12:32.050927,Mumbai,toll,200.0,failed,2026-04-18
T641,C110,V210,2026-04-14 16:51:32.050930,Chennai,toll,200.0,failed,2026-04-14
T642,C116,V216,2026-04-14 02:06:32.050934,Chennai,fuel,200.0,success,2026-04-14
T643,C115,V215,2026-04-16 00:28:32.050937,Bangalore,fuel,100.0,failed,2026-04-16
T645,C112,V212,2026-04-19 00:01:32.050944,Bangalore,toll,500.0,failed,2026-04-19
T646,C135,V235,2026-04-13 10:21:32.050948,Chennai,fuel,100.0,failed,2026-04-13
T647,C142,V242,2026-04-19 04:51:32.050951,Mumbai,toll,500.0,failed,2026-04-19
T648,C137,V237,2026-04-13 04:01:32.050954,Chennai,fuel,500.0,failed,2026-04-13
T649,C125,V225,2026-04-16 08:30:32.050958,Mumbai,toll,500.0,failed,2026-04-16
T650,C115,V215,2026-04-12 19:27:32.050961,Mumbai,toll,5000.0,success,2026-04-12
T651,C123,V223,2026-04-18 20:11:32.050966,Bangalore,toll,100.0,failed,2026-04-18
T652,C130,V230,2026-04-18 16:02:32.050969,Bangalore,toll,2500.0,success,2026-04-18
T653,C136,V236,2026-04-17 20:05:32.050973,Mumbai,toll,100.0,success,2026-04-17
T655,C142,V242,2026-04-13 16:47:32.050980,Mumbai,toll,100.0,failed,2026-04-13
T656,C105,V205,2026-04-18 02:13:32.050983,Chennai,toll,200.0,failed,2026-04-18
T657,C102,V202,2026-04-14 22:12:32.050987,Mumbai,fuel,500.0,failed,2026-04-14
T658,C142,V242,2026-04-18 21:06:32.050990,Chennai,toll,100.0,success,2026-04-18
T659,C108,V208,2026-04-13 02:24:32.050994,Chennai,fuel,100.0,success,2026-04-13
T660,C138,V238,2026-04-18 00:05:32.050997,Chennai,toll,100.0,failed,2026-04-18
T662,C137,V237,2026-04-15 22:51:32.051004,Mumbai,toll,200.0,success,2026-04-15
T663,C113,V213,2026-04-13 05:44:32.051008,Mumbai,fuel,2500.0,success,2026-04-13
T664,C126,V226,2026-04-12 23:30:32.051011,Mumbai,toll,500.0,failed,2026-04-12
T665,C116,V216,2026-04-13 02:38:32.051014,Bangalore,fuel,100.0,failed,2026-04-13
T666,C102,V202,2026-04-17 15:16:32.051018,Bangalore,toll,100.0,failed,2026-04-17
T667,C149,V249,2026-04-14 03:31:32.051021,Mumbai,toll,100.0,success,2026-04-14
T668,C116,V216,2026-04-18 02:12:32.051024,Mumbai,toll,200.0,failed,2026-04-18
T669,C135,V235,2026-04-19 11:46:32.051028,Chennai,fuel,2500.0,failed,2026-04-19
T670,C109,V209,2026-04-19 05:58:32.051032,Chennai,toll,500.0,success,2026-04-19
T671,C149,V249,2026-04-13 18:20:32.051036,Chennai,toll,500.0,success,2026-04-13
T672,C122,V222,2026-04-16 01:12:32.051040,Bangalore,fuel,15000.0,success,2026-04-16
T673,C141,V241,2026-04-18 12:52:32.051044,Mumbai,fuel,500.0,failed,2026-04-18
T674,C112,V212,2026-04-16 02:45:32.051048,Bangalore,fuel,5000.0,success,2026-04-16
T675,C126,V226,2026-04-15 16:25:32.051051,Chennai,toll,100.0,success,2026-04-15
T676,C112,V212,2026-04-17 20:50:32.051055,Chennai,toll,100.0,success,2026-04-17
T677,C147,V247,2026-04-13 23:40:32.051058,Mumbai,fuel,5000.0,success,2026-04-13
T678,C146,V246,2026-04-13 14:36:32.051061,Bangalore,fuel,200.0,failed,2026-04-13
T679,C112,V212,2026-04-13 09:03:32.051065,Mumbai,fuel,500.0,failed,2026-04-13
T680,C102,V202,2026-04-15 22:48:32.051068,Bangalore,toll,500.0,success,2026-04-15
T681,C138,V238,2026-04-19 02:17:32.051072,Chennai,fuel,500.0,success,2026-04-19
T682,C118,V218,2026-04-13 12:12:32.051075,Chennai,toll,2500.0,failed,2026-04-13
T684,C107,V207,2026-04-13 11:23:32.051082,Mumbai,toll,200.0,success,2026-04-13
T685,C127,V227,2026-04-15 08:26:32.051086,Chennai,toll,500.0,failed,2026-04-15
T686,C115,V215,2026-04-16 04:19:32.051089,Bangalore,toll,100.0,success,2026-04-16
T687,C115,V215,2026-04-16 12:10:32.051093,Chennai,toll,200.0,success,2026-04-16
T688,C138,V238,2026-04-14 22:03:32.051096,Mumbai,toll,100.0,success,2026-04-14
T689,C119,V219,2026-04-13 07:47:32.051099,Mumbai,toll,2500.0,success,2026-04-13
T690,C120,V220,2026-04-17 05:12:32.051103,Mumbai,fuel,200.0,success,2026-04-17
T691,C119,V219,2026-04-15 15:28:32.051106,Chennai,toll,500.0,success,2026-04-15
T692,C141,V241,2026-04-13 01:52:32.051110,Mumbai,fuel,5000.0,success,2026-04-13
T693,C120,V220,2026-04-19 01:24:32.051114,Chennai,fuel,15000.0,failed,2026-04-19
T694,C143,V243,2026-04-18 13:22:32.051117,Mumbai,toll,200.0,failed,2026-04-18
T695,C100,V200,2026-04-19 00:41:32.051121,Mumbai,fuel,200.0,failed,2026-04-19
T696,C135,V235,2026-04-17 04:13:32.051124,Bangalore,toll,500.0,failed,2026-04-17
T697,C133,V233,2026-04-15 11:21:32.051128,Bangalore,toll,500.0,success,2026-04-15
T698,C113,V213,2026-04-14 11:36:32.051131,Bangalore,toll,100.0,failed,2026-04-14
T699,C127,V227,2026-04-14 02:39:32.051135,Mumbai,fuel,500.0,success,2026-04-14
T700,C148,V248,2026-04-12 20:04:32.051138,Bangalore,fuel,2500.0,success,2026-04-12
T701,C147,V247,2026-04-17 11:04:32.051142,Bangalore,fuel,500.0,success,2026-04-17
T702,C113,V213,2026-04-13 17:04:32.051146,Chennai,toll,2500.0,success,2026-04-13
T703,C133,V233,2026-04-15 09:20:32.051149,Chennai,toll,100.0,success,2026-04-15
T704,C147,V247,2026-04-16 04:07:32.051153,Chennai,fuel,100.0,success,2026-04-16
T705,C105,V205,2026-04-16 10:24:32.051156,Chennai,fuel,2500.0,failed,2026-04-16
T706,C114,V214,2026-04-16 07:16:32.051159,Mumbai,fuel,100.0,success,2026-04-16
T707,C100,V200,2026-04-16 13:20:32.051163,Mumbai,fuel,200.0,failed,2026-04-16
T709,C145,V245,2026-04-14 13:17:32.051170,Mumbai,fuel,100.0,failed,2026-04-14
T710,C144,V244,2026-04-17 15:24:32.051174,Bangalore,fuel,500.0,failed,2026-04-17
T711,C113,V213,2026-04-15 23:24:32.051177,Chennai,toll,5000.0,failed,2026-04-15
T712,C140,V240,2026-04-15 00:35:32.051181,Mumbai,toll,500.0,success,2026-04-15
T713,C118,V218,2026-04-14 16:07:32.051184,Mumbai,fuel,200.0,failed,2026-04-14
T714,C123,V223,2026-04-19 08:56:32.051187,Bangalore,toll,5000.0,success,2026-04-19
T715,C146,V246,2026-04-17 05:43:32.051191,Chennai,toll,200.0,failed,2026-04-17
T716,C131,V231,2026-04-13 09:25:32.051194,Bangalore,toll,100.0,success,2026-04-13
T717,C133,V233,2026-04-19 05:01:32.051198,Mumbai,fuel,100.0,failed,2026-04-19
T718,C127,V227,2026-04-14 13:29:32.051201,Mumbai,fuel,200.0,failed,2026-04-14
T719,C148,V248,2026-04-14 03:19:32.051204,Chennai,fuel,2500.0,success,2026-04-14
T720,C134,V234,2026-04-14 14:36:32.051208,Mumbai,toll,100.0,failed,2026-04-14
T721,C131,V231,2026-04-16 07:47:32.051211,Chennai,toll,500.0,success,2026-04-16
T722,C131,V231,2026-04-18 21:17:32.051215,Mumbai,fuel,200.0,success,2026-04-18
T723,C139,V239,2026-04-15 07:23:32.051218,Chennai,fuel,100.0,success,2026-04-15
T724,C147,V247,2026-04-17 06:26:32.051222,Bangalore,fuel,5000.0,success,2026-04-17
T725,C138,V238,2026-04-12 23:57:32.051225,Bangalore,fuel,100.0,success,2026-04-12
T726,C144,V244,2026-04-18 17:53:32.051228,Bangalore,fuel,200.0,success,2026-04-18
T727,C145,V245,2026-04-13 05:56:32.051232,Mumbai,fuel,500.0,failed,2026-04-13
T728,C108,V208,2026-04-15 21:43:32.051235,Mumbai,toll,100.0,failed,2026-04-15
T729,C146,V246,2026-04-13 11:23:32.051239,Mumbai,fuel,100.0,success,2026-04-13
T731,C130,V230,2026-04-18 23:00:32.051246,Mumbai,fuel,200.0,failed,2026-04-18
T732,C106,V206,2026-04-15 15:29:32.051249,Bangalore,fuel,200.0,success,2026-04-15
T733,C124,V224,2026-04-19 08:08:32.051253,Mumbai,fuel,200.0,failed,2026-04-19
T734,C113,V213,2026-04-14 01:59:32.051257,Chennai,toll,100.0,success,2026-04-14
T735,C110,V210,2026-04-18 11:06:32.051261,Bangalore,fuel,2500.0,failed,2026-04-18
T736,C148,V248,2026-04-19 10:40:32.051265,Mumbai,toll,200.0,success,2026-04-19
T737,C103,V203,2026-04-16 06:20:32.051268,Mumbai,toll,2500.0,failed,2026-04-16
T738,C106,V206,2026-04-14 03:20:32.051272,Mumbai,toll,200.0,success,2026-04-14
T739,C125,V225,2026-04-18 17:20:32.051275,Chennai,fuel,2500.0,failed,2026-04-18
T740,C117,V217,2026-04-13 08:54:32.051279,Chennai,fuel,200.0,failed,2026-04-13
T741,C117,V217,2026-04-17 16:30:32.051283,Bangalore,toll,100.0,success,2026-04-17
T742,C114,V214,2026-04-16 19:46:32.051286,Bangalore,toll,100.0,failed,2026-04-16
T743,C123,V223,2026-04-16 21:22:32.051290,Mumbai,fuel,500.0,failed,2026-04-16
T744,C130,V230,2026-04-17 21:51:32.051293,Bangalore,fuel,100.0,success,2026-04-17
T745,C140,V240,2026-04-14 14:49:32.051296,Mumbai,fuel,100.0,failed,2026-04-14
T746,C128,V228,2026-04-15 07:48:32.051300,Bangalore,fuel,2500.0,success,2026-04-15
T747,C114,V214,2026-04-16 16:46:32.051303,Chennai,toll,500.0,failed,2026-04-16
T748,C112,V212,2026-04-17 07:56:32.051307,Chennai,fuel,15000.0,failed,2026-04-17
T749,C147,V247,2026-04-14 08:00:32.051311,Mumbai,toll,200.0,failed,2026-04-14
T750,C137,V237,2026-04-16 01:22:32.051314,Bangalore,fuel,100.0,failed,2026-04-16
T751,C114,V214,2026-04-16 01:30:32.051318,Chennai,fuel,100.0,failed,2026-04-16
T752,C125,V225,2026-04-15 15:58:32.051321,Chennai,fuel,2500.0,failed,2026-04-15
T753,C142,V242,2026-04-18 06:48:32.051325,Bangalore,fuel,100.0,failed,2026-04-18
T754,C129,V229,2026-04-13 21:43:32.051328,Bangalore,toll,200.0,failed,2026-04-13
T756,C133,V233,2026-04-15 11:30:32.051335,Bangalore,toll,2500.0,success,2026-04-15
T757,C148,V248,2026-04-15 18:42:32.051339,Chennai,fuel,100.0,failed,2026-04-15
T759,C133,V233,2026-04-16 15:04:32.051346,Chennai,toll,2500.0,success,2026-04-16
T760,C118,V218,2026-04-17 13:42:32.051349,Chennai,fuel,100.0,failed,2026-04-17
T761,C124,V224,2026-04-17 03:08:32.051354,Mumbai,toll,200.0,failed,2026-04-17
T762,C106,V206,2026-04-15 10:03:32.051357,Chennai,toll,2500.0,success,2026-04-15
T764,C111,V211,2026-04-16 04:51:32.051364,Mumbai,fuel,5000.0,success,2026-04-16
T765,C132,V232,2026-04-19 01:33:32.051368,Mumbai,toll,100.0,failed,2026-04-19
T766,C141,V241,2026-04-15 09:46:32.051372,Mumbai,fuel,2500.0,success,2026-04-15
T767,C134,V234,2026-04-15 08:39:32.051375,Bangalore,fuel,200.0,success,2026-04-15
T768,C102,V202,2026-04-16 17:24:32.051379,Chennai,toll,2500.0,success,2026-04-16
T769,C140,V240,2026-04-15 23:26:32.051382,Mumbai,toll,200.0,success,2026-04-15
T770,C133,V233,2026-04-18 16:43:32.051386,Mumbai,fuel,100.0,success,2026-04-18
T771,C125,V225,2026-04-18 03:43:32.051389,Mumbai,toll,100.0,success,2026-04-18
T772,C110,V210,2026-04-17 15:59:32.051392,Chennai,toll,200.0,failed,2026-04-17
T773,C118,V218,2026-04-15 11:44:32.051396,Chennai,toll,2500.0,success,2026-04-15
T774,C102,V202,2026-04-12 16:55:32.051399,Mumbai,fuel,500.0,failed,2026-04-12
T775,C131,V231,2026-04-15 07:52:32.051402,Bangalore,fuel,200.0,success,2026-04-15
T776,C112,V212,2026-04-16 11:04:32.051406,Bangalore,toll,100.0,success,2026-04-16
T777,C116,V216,2026-04-16 16:27:32.051410,Bangalore,fuel,100.0,failed,2026-04-16
T778,C102,V202,2026-04-15 13:36:32.051413,Chennai,fuel,100.0,failed,2026-04-15
T780,C101,V201,2026-04-19 00:02:32.051420,Chennai,fuel,200.0,failed,2026-04-19
T781,C144,V244,2026-04-19 08:35:32.051423,Bangalore,toll,2500.0,success,2026-04-19
T783,C134,V234,2026-04-18 12:48:32.051431,Chennai,toll,500.0,success,2026-04-18
T784,C102,V202,2026-04-18 04:05:32.051434,Bangalore,toll,2500.0,success,2026-04-18
T785,C115,V215,2026-04-15 07:29:32.051437,Mumbai,fuel,5000.0,success,2026-04-15
T786,C109,V209,2026-04-13 03:52:32.051441,Bangalore,toll,200.0,success,2026-04-13
T787,C112,V212,2026-04-16 02:16:32.051445,Mumbai,toll,200.0,failed,2026-04-16
T788,C130,V230,2026-04-14 03:12:32.051449,Chennai,fuel,500.0,failed,2026-04-14
T791,C129,V229,2026-04-14 07:27:32.051459,Bangalore,fuel,100.0,success,2026-04-14
T792,C134,V234,2026-04-16 10:31:32.051463,Mumbai,fuel,100.0,failed,2026-04-16
T793,C128,V228,2026-04-18 07:12:32.051466,Chennai,fuel,200.0,failed,2026-04-18
T794,C101,V201,2026-04-17 09:44:32.051470,Mumbai,toll,2500.0,success,2026-04-17
T796,C111,V211,2026-04-17 17:40:32.051477,Chennai,toll,100.0,success,2026-04-17
T797,C149,V249,2026-04-19 09:40:32.051481,Chennai,fuel,200.0,success,2026-04-19
T799,C148,V248,2026-04-17 03:13:32.051489,Bangalore,fuel,200.0,success,2026-04-17
T800,C105,V205,2026-04-12 21:25:32.051492,Chennai,toll,100.0,failed,2026-04-12
T801,C114,V214,2026-04-17 02:32:32.051495,Mumbai,fuel,100.0,failed,2026-04-17
T802,C143,V243,2026-04-15 01:37:32.051499,Bangalore,toll,500.0,success,2026-04-15
T804,C123,V223,2026-04-15 22:28:32.051506,Mumbai,fuel,100.0,success,2026-04-15
T805,C100,V200,2026-04-17 14:33:32.051510,Chennai,fuel,500.0,success,2026-04-17
T806,C122,V222,2026-04-14 13:02:32.051513,Chennai,fuel,200.0,failed,2026-04-14
T808,C105,V205,2026-04-15 06:40:32.051520,Bangalore,fuel,200.0,success,2026-04-15
T809,C143,V243,2026-04-12 15:26:32.051523,Mumbai,toll,500.0,success,2026-04-12
T810,C111,V211,2026-04-15 00:11:32.051527,Mumbai,fuel,15000.0,failed,2026-04-15
T811,C147,V247,2026-04-13 16:33:32.051531,Chennai,toll,100.0,failed,2026-04-13
T812,C123,V223,2026-04-13 09:56:32.051534,Chennai,fuel,100.0,success,2026-04-13
T813,C114,V214,2026-04-14 15:59:32.051538,Mumbai,toll,500.0,success,2026-04-14
T814,C100,V200,2026-04-15 08:56:32.051541,Mumbai,toll,100.0,success,2026-04-15
T815,C142,V242,2026-04-13 05:04:32.051544,Mumbai,toll,2500.0,success,2026-04-13
T816,C122,V222,2026-04-15 05:49:32.051548,Chennai,toll,2500.0,success,2026-04-15
T817,C127,V227,2026-04-18 22:10:32.051552,Mumbai,toll,100.0,failed,2026-04-18
T818,C100,V200,2026-04-14 00:12:32.051555,Mumbai,toll,2500.0,success,2026-04-14
T819,C124,V224,2026-04-13 09:36:32.051559,Bangalore,fuel,500.0,failed,2026-04-13
T821,C100,V200,2026-04-14 08:17:32.051565,Chennai,toll,100.0,failed,2026-04-14
T822,C114,V214,2026-04-13 08:30:32.051569,Mumbai,fuel,200.0,failed,2026-04-13
T823,C135,V235,2026-04-15 09:36:32.051572,Mumbai,toll,100.0,failed,2026-04-15
T824,C125,V225,2026-04-15 16:38:32.051576,Mumbai,toll,100.0,failed,2026-04-15
T825,C103,V203,2026-04-17 02:24:32.051579,Mumbai,toll,100.0,success,2026-04-17
T827,C134,V234,2026-04-15 13:38:32.051586,Chennai,fuel,500.0,success,2026-04-15
T828,C104,V204,2026-04-17 16:57:32.051589,Chennai,toll,100.0,failed,2026-04-17
T829,C127,V227,2026-04-18 13:24:32.051598,Chennai,fuel,15000.0,success,2026-04-18
T831,C147,V247,2026-04-15 10:27:32.051606,Chennai,toll,500.0,failed,2026-04-15
T832,C149,V249,2026-04-18 15:49:32.051609,Bangalore,toll,2500.0,success,2026-04-18
T833,C111,V211,2026-04-13 12:48:32.051613,Mumbai,toll,100.0,failed,2026-04-13
T834,C118,V218,2026-04-15 06:14:32.051616,Mumbai,fuel,100.0,success,2026-04-15
T835,C136,V236,2026-04-19 02:30:32.051619,Mumbai,fuel,100.0,failed,2026-04-19
T836,C143,V243,2026-04-18 17:40:32.051623,Bangalore,fuel,200.0,failed,2026-04-18
T837,C147,V247,2026-04-14 21:38:32.051626,Bangalore,fuel,200.0,failed,2026-04-14
T838,C102,V202,2026-04-13 07:58:32.051630,Bangalore,fuel,200.0,success,2026-04-13
T839,C139,V239,2026-04-19 02:45:32.051633,Chennai,fuel,5000.0,success,2026-04-19
T841,C105,V205,2026-04-14 02:24:32.051640,Chennai,fuel,500.0,failed,2026-04-14
T842,C148,V248,2026-04-18 19:15:32.051644,Bangalore,fuel,500.0,failed,2026-04-18
T843,C105,V205,2026-04-12 18:10:32.051648,Bangalore,fuel,200.0,failed,2026-04-12
T844,C128,V228,2026-04-17 11:27:32.051651,Bangalore,toll,2500.0,success,2026-04-17
T845,C139,V239,2026-04-13 18:05:32.051655,Chennai,fuel,500.0,failed,2026-04-13
T846,C104,V204,2026-04-19 07:55:32.051658,Chennai,toll,2500.0,failed,2026-04-19
T847,C123,V223,2026-04-14 23:09:32.051662,Bangalore,toll,100.0,success,2026-04-14
T848,C146,V246,2026-04-19 08:24:32.051665,Mumbai,toll,200.0,failed,2026-04-19
T850,C100,V200,2026-04-17 10:28:32.051672,Mumbai,toll,2500.0,failed,2026-04-17
T851,C131,V231,2026-04-18 10:14:32.051675,Chennai,fuel,200.0,failed,2026-04-18
T852,C138,V238,2026-04-16 05:02:32.051679,Chennai,toll,2500.0,failed,2026-04-16
T853,C146,V246,2026-04-19 11:11:32.051682,Mumbai,toll,500.0,failed,2026-04-19
T854,C139,V239,2026-04-16 01:11:32.051686,Bangalore,toll,5000.0,failed,2026-04-16
T855,C127,V227,2026-04-18 07:56:32.051689,Mumbai,fuel,200.0,failed,2026-04-18
T856,C106,V206,2026-04-19 12:33:32.051692,Chennai,fuel,5000.0,failed,2026-04-19
T857,C147,V247,2026-04-18 20:03:32.051696,Mumbai,fuel,500.0,success,2026-04-18
T858,C148,V248,2026-04-16 17:05:32.051699,Chennai,toll,2500.0,success,2026-04-16
T859,C129,V229,2026-04-18 09:27:32.051704,Chennai,fuel,2500.0,success,2026-04-18
T860,C149,V249,2026-04-16 18:13:32.051707,Mumbai,toll,2500.0,success,2026-04-16
T861,C112,V212,2026-04-18 14:25:32.051713,Chennai,fuel,200.0,failed,2026-04-18
T862,C114,V214,2026-04-13 16:33:32.051717,Chennai,fuel,100.0,success,2026-04-13
T863,C105,V205,2026-04-17 09:13:32.051720,Mumbai,fuel,200.0,success,2026-04-17
T864,C141,V241,2026-04-13 13:39:32.051724,Bangalore,toll,15000.0,success,2026-04-13
T865,C130,V230,2026-04-18 09:15:32.051728,Chennai,fuel,200.0,failed,2026-04-18
T866,C124,V224,2026-04-14 07:52:32.051731,Chennai,toll,100.0,failed,2026-04-14
T867,C105,V205,2026-04-15 21:55:32.051735,Mumbai,fuel,200.0,failed,2026-04-15
T868,C114,V214,2026-04-12 17:38:32.051738,Bangalore,toll,2500.0,success,2026-04-12
T869,C149,V249,2026-04-18 14:48:32.051741,Mumbai,fuel,500.0,failed,2026-04-18
T870,C133,V233,2026-04-14 13:56:32.051745,Bangalore,toll,200.0,success,2026-04-14
T872,C149,V249,2026-04-14 21:44:32.051752,Mumbai,toll,200.0,failed,2026-04-14
T873,C103,V203,2026-04-16 15:47:32.051755,Mumbai,toll,500.0,failed,2026-04-16
T875,C135,V235,2026-04-15 13:26:32.051762,Chennai,fuel,100.0,failed,2026-04-15
T876,C120,V220,2026-04-18 03:09:32.051766,Mumbai,toll,200.0,failed,2026-04-18
T877,C132,V232,2026-04-19 03:57:32.051769,Mumbai,toll,2500.0,failed,2026-04-19
T878,C148,V248,2026-04-13 14:07:32.051773,Chennai,fuel,500.0,failed,2026-04-13
T879,C128,V228,2026-04-19 08:39:32.051776,Bangalore,fuel,100.0,success,2026-04-19
T880,C118,V218,2026-04-13 19:19:32.051780,Bangalore,toll,200.0,success,2026-04-13
T881,C101,V201,2026-04-16 10:34:32.051783,Chennai,toll,5000.0,success,2026-04-16
T882,C141,V241,2026-04-14 06:39:32.051786,Mumbai,fuel,200.0,success,2026-04-14
T884,C106,V206,2026-04-17 22:28:32.051793,Chennai,toll,100.0,success,2026-04-17
T885,C121,V221,2026-04-16 06:47:32.051797,Bangalore,fuel,5000.0,success,2026-04-16
T886,C148,V248,2026-04-18 22:23:32.051800,Bangalore,fuel,200.0,success,2026-04-18
T887,C118,V218,2026-04-17 09:13:32.051804,Bangalore,toll,200.0,failed,2026-04-17
T888,C142,V242,2026-04-17 06:54:32.051807,Bangalore,fuel,2500.0,failed,2026-04-17
T889,C128,V228,2026-04-16 01:49:32.051810,Chennai,fuel,200.0,success,2026-04-16
T890,C101,V201,2026-04-17 00:54:32.051814,Bangalore,toll,15000.0,failed,2026-04-17
T892,C102,V202,2026-04-17 22:53:32.051821,Mumbai,fuel,500.0,failed,2026-04-17
T893,C105,V205,2026-04-17 14:56:32.051825,Bangalore,toll,2500.0,success,2026-04-17
T894,C105,V205,2026-04-17 21:34:32.051829,Bangalore,fuel,2500.0,failed,2026-04-17
T895,C128,V228,2026-04-12 17:47:32.051833,Bangalore,fuel,500.0,failed,2026-04-12
T896,C108,V208,2026-04-12 21:13:32.051836,Bangalore,toll,100.0,failed,2026-04-12
T897,C129,V229,2026-04-15 20:24:32.051840,Bangalore,toll,200.0,failed,2026-04-15
T898,C133,V233,2026-04-16 10:20:32.051843,Mumbai,fuel,500.0,failed,2026-04-16
T899,C131,V231,2026-04-18 19:08:32.051847,Chennai,toll,500.0,failed,2026-04-18
T900,C142,V242,2026-04-14 14:26:32.051850,Bangalore,toll,2500.0,failed,2026-04-14
T901,C144,V244,2026-04-15 18:37:32.051853,Bangalore,toll,100.0,success,2026-04-15
T902,C102,V202,2026-04-13 00:16:32.051862,Chennai,toll,2500.0,success,2026-04-13
T904,C129,V229,2026-04-18 20:04:32.051870,Chennai,fuel,2500.0,failed,2026-04-18
T905,C123,V223,2026-04-14 01:40:32.051873,Chennai,toll,2500.0,failed,2026-04-14
T906,C126,V226,2026-04-19 12:47:32.051877,Chennai,fuel,500.0,failed,2026-04-19
T907,C128,V228,2026-04-15 13:53:32.051880,Bangalore,toll,100.0,failed,2026-04-15
T908,C118,V218,2026-04-12 17:44:32.051884,Chennai,toll,200.0,failed,2026-04-12
T909,C121,V221,2026-04-17 03:39:32.051890,Chennai,toll,200.0,failed,2026-04-17
T910,C124,V224,2026-04-19 10:05:32.051895,Chennai,fuel,500.0,failed,2026-04-19
T911,C125,V225,2026-04-16 06:47:32.051901,Bangalore,toll,200.0,failed,2026-04-16
T912,C141,V241,2026-04-14 11:23:32.051906,Chennai,fuel,200.0,failed,2026-04-14
T913,C147,V247,2026-04-14 05:38:32.051912,Chennai,fuel,100.0,success,2026-04-14
T914,C123,V223,2026-04-15 06:56:32.051916,Mumbai,toll,200.0,failed,2026-04-15
T915,C113,V213,2026-04-14 11:12:32.051919,Chennai,fuel,2500.0,failed,2026-04-14
T916,C140,V240,2026-04-15 10:51:32.051923,Mumbai,toll,5000.0,success,2026-04-15
T917,C143,V243,2026-04-16 21:17:32.051926,Bangalore,toll,200.0,success,2026-04-16
T918,C112,V212,2026-04-13 11:48:32.051929,Chennai,toll,200.0,success,2026-04-13
T919,C146,V246,2026-04-13 08:20:32.051933,Mumbai,fuel,200.0,failed,2026-04-13
T920,C148,V248,2026-04-16 03:57:32.051936,Bangalore,toll,2500.0,failed,2026-04-16
T921,C145,V245,2026-04-16 02:29:32.051940,Chennai,fuel,200.0,success,2026-04-16
T922,C123,V223,2026-04-19 00:53:32.051943,Chennai,toll,200.0,success,2026-04-19
T923,C131,V231,2026-04-18 07:10:32.051947,Chennai,toll,200.0,failed,2026-04-18
T924,C132,V232,2026-04-13 04:16:32.051950,Chennai,fuel,500.0,failed,2026-04-13
T925,C105,V205,2026-04-18 04:01:32.051954,Bangalore,toll,100.0,failed,2026-04-18
T926,C105,V205,2026-04-15 23:52:32.051957,Chennai,fuel,15000.0,success,2026-04-15
T927,C128,V228,2026-04-17 09:03:32.051961,Bangalore,toll,500.0,failed,2026-04-17
T929,C122,V222,2026-04-18 23:20:32.051968,Chennai,fuel,2500.0,failed,2026-04-18
T930,C110,V210,2026-04-15 09:42:32.051971,Chennai,fuel,2500.0,success,2026-04-15
T931,C130,V230,2026-04-19 01:49:32.051974,Mumbai,fuel,200.0,success,2026-04-19
T932,C118,V218,2026-04-16 02:17:32.051978,Mumbai,toll,100.0,success,2026-04-16
T933,C148,V248,2026-04-18 04:40:32.051981,Bangalore,toll,5000.0,success,2026-04-18
T934,C136,V236,2026-04-17 10:04:32.051984,Chennai,toll,500.0,success,2026-04-17
T935,C116,V216,2026-04-13 15:19:32.051988,Mumbai,toll,2500.0,success,2026-04-13
T936,C143,V243,2026-04-14 07:47:32.051991,Bangalore,fuel,500.0,success,2026-04-14
T938,C111,V211,2026-04-13 11:00:32.051998,Chennai,toll,5000.0,failed,2026-04-13
T939,C110,V210,2026-04-14 14:52:32.052002,Chennai,toll,500.0,failed,2026-04-14
T940,C147,V247,2026-04-14 03:28:32.052005,Chennai,fuel,100.0,success,2026-04-14
T941,C120,V220,2026-04-14 06:19:32.052009,Bangalore,toll,500.0,failed,2026-04-14
T942,C108,V208,2026-04-13 03:57:32.052012,Chennai,fuel,15000.0,failed,2026-04-13
T943,C145,V245,2026-04-18 14:29:32.052016,Chennai,fuel,2500.0,success,2026-04-18
T944,C114,V214,2026-04-14 10:33:32.052019,Mumbai,fuel,2500.0,failed,2026-04-14
T945,C122,V222,2026-04-16 20:24:32.052023,Chennai,fuel,5000.0,success,2026-04-16
T946,C122,V222,2026-04-18 20:38:32.052026,Chennai,toll,200.0,success,2026-04-18
T947,C141,V241,2026-04-17 13:01:32.052030,Mumbai,toll,100.0,success,2026-04-17
T948,C119,V219,2026-04-18 17:41:32.052033,Mumbai,toll,500.0,failed,2026-04-18
T949,C108,V208,2026-04-12 15:09:32.052037,Mumbai,toll,500.0,failed,2026-04-12
T950,C118,V218,2026-04-12 20:33:32.052040,Mumbai,toll,200.0,success,2026-04-12
T951,C123,V223,2026-04-13 21:16:32.052044,Mumbai,fuel,5000.0,failed,2026-04-13
T952,C138,V238,2026-04-17 17:14:32.052047,Bangalore,fuel,100.0,success,2026-04-17
T954,C105,V205,2026-04-14 08:50:32.052054,Mumbai,fuel,5000.0,failed,2026-04-14
T955,C131,V231,2026-04-16 13:53:32.052057,Bangalore,fuel,100.0,failed,2026-04-16
T956,C129,V229,2026-04-14 00:43:32.052060,Mumbai,fuel,500.0,failed,2026-04-14
T957,C122,V222,2026-04-18 10:26:32.052064,Bangalore,toll,100.0,failed,2026-04-18
T958,C101,V201,2026-04-13 06:46:32.052067,Chennai,toll,200.0,failed,2026-04-13
T959,C106,V206,2026-04-14 21:04:32.052071,Mumbai,fuel,2500.0,success,2026-04-14
T960,C131,V231,2026-04-17 07:06:32.052074,Bangalore,toll,500.0,failed,2026-04-17
T961,C135,V235,2026-04-18 22:26:32.052078,Chennai,fuel,500.0,failed,2026-04-18
T962,C133,V233,2026-04-17 23:22:32.052081,Bangalore,fuel,500.0,success,2026-04-17
T963,C139,V239,2026-04-16 10:42:32.052085,Mumbai,fuel,5000.0,failed,2026-04-16
T964,C133,V233,2026-04-17 14:33:32.052089,Chennai,fuel,500.0,failed,2026-04-17
T965,C133,V233,2026-04-13 11:22:32.052092,Chennai,fuel,100.0,failed,2026-04-13
T966,C106,V206,2026-04-16 18:37:32.052095,Bangalore,fuel,2500.0,success,2026-04-16
T967,C129,V229,2026-04-12 17:03:32.052099,Mumbai,toll,100.0,failed,2026-04-12
T968,C109,V209,2026-04-18 23:15:32.052102,Mumbai,fuel,2500.0,success,2026-04-18
T969,C148,V248,2026-04-17 09:54:32.052105,Chennai,fuel,2500.0,failed,2026-04-17
T970,C126,V226,2026-04-12 19:09:32.052115,Mumbai,toll,500.0,success,2026-04-12
T971,C104,V204,2026-04-18 12:03:32.052118,Chennai,toll,200.0,success,2026-04-18
T972,C102,V202,2026-04-13 23:33:32.052122,Bangalore,fuel,2500.0,failed,2026-04-13
T973,C144,V244,2026-04-12 23:05:32.052130,Mumbai,fuel,500.0,failed,2026-04-12
T974,C131,V231,2026-04-13 19:28:32.052133,Mumbai,toll,200.0,failed,2026-04-13
T975,C116,V216,2026-04-16 10:05:32.052137,Bangalore,fuel,200.0,failed,2026-04-16
T977,C102,V202,2026-04-18 16:27:32.052144,Mumbai,fuel,100.0,success,2026-04-18
T978,C103,V203,2026-04-14 17:44:32.052148,Chennai,toll,5000.0,success,2026-04-14
T979,C133,V233,2026-04-14 22:56:32.052152,Chennai,toll,200.0,failed,2026-04-14
T980,C111,V211,2026-04-13 23:15:32.052155,Bangalore,fuel,200.0,failed,2026-04-13
T982,C119,V219,2026-04-13 07:19:32.052162,Bangalore,fuel,200.0,success,2026-04-13
T983,C139,V239,2026-04-13 08:19:32.052165,Chennai,fuel,200.0,success,2026-04-13
T984,C104,V204,2026-04-15 00:13:32.052169,Chennai,toll,200.0,success,2026-04-15
T985,C105,V205,2026-04-15 02:12:32.052172,Chennai,fuel,500.0,success,2026-04-15
T986,C127,V227,2026-04-14 02:24:32.052176,Chennai,fuel,200.0,failed,2026-04-14
T987,C100,V200,2026-04-14 11:37:32.052179,Bangalore,fuel,5000.0,success,2026-04-14
T988,C130,V230,2026-04-13 22:42:32.052183,Mumbai,fuel,200.0,failed,2026-04-13
T990,C141,V241,2026-04-18 06:43:32.052190,Bangalore,fuel,500.0,success,2026-04-18
T991,C118,V218,2026-04-18 10:03:32.052193,Bangalore,fuel,2500.0,success,2026-04-18
T992,C102,V202,2026-04-14 22:42:32.052197,Chennai,fuel,5000.0,failed,2026-04-14
T993,C116,V216,2026-04-13 23:02:32.052200,Mumbai,fuel,500.0,failed,2026-04-13
T994,C117,V217,2026-04-17 07:21:32.052203,Bangalore,toll,500.0,success,2026-04-17
T995,C109,V209,2026-04-17 14:06:32.052207,Chennai,toll,500.0,failed,2026-04-17
T996,C103,V203,2026-04-13 22:25:32.052211,Mumbai,toll,500.0,success,2026-04-13
T997,C102,V202,2026-04-15 08:07:32.052214,Chennai,toll,100.0,success,2026-04-15
T998,C118,V218,2026-04-15 17:06:32.052217,Chennai,fuel,200.0,success,2026-04-15
T999,C121,V221,2026-04-18 12:36:32.052221,Mumbai,toll,200.0,success,2026-04-18
